date,open,high,low,close,volume,bar_count,vwap
2015-07-23,18.6,18.6,17.0,17.0,75330.0,4,17.005
2015-07-24,17.0,17.0,17.0,17.0,0.0,0,17.0
2015-07-27,20.95,21.2,20.05,20.85,2085.0,6,20.881
2015-07-28,21.0,21.0,19.36,21.0,600.0,3,20.455
2015-07-29,20.95,21.01,19.26,21.0,1060.0,4,20.832
2015-07-30,21.0,21.0,21.0,21.0,700.0,4,21.0
2015-07-31,21.0,21.0,19.7,19.7,300.0,3,21.0
2015-08-03,26.88,26.88,20.0,23.45,37232.0,166,22.562
2015-08-04,24.25,25.48,19.24,21.15,1424158.0,8555,21.078
2015-08-05,21.0,21.36,20.13,20.56,618852.0,4222,20.768
2015-08-06,20.5,20.65,17.28,18.6,277673.0,2145,18.942
2015-08-07,18.34,19.58,17.67,19.3,517822.0,3373,18.622
2015-08-10,19.43,19.69,18.82,19.01,222631.0,1369,19.1
2015-08-11,18.79,19.94,18.79,19.56,691701.0,4356,19.506
2015-08-12,19.47,19.5,18.69,19.37,411690.0,2928,19.363
2015-08-13,19.8,20.78,19.38,20.6,428926.0,2752,20.113
2015-08-14,19.95,20.89,19.22,20.33,481081.0,2913,19.878
2015-08-17,19.93,21.71,19.93,21.07,532037.0,3054,21.003
2015-08-18,21.28,21.58,21.1,21.44,347257.0,1781,21.404
2015-08-19,21.08,21.81,20.31,21.39,254299.0,1662,21.486
2015-08-20,21.14,21.9,20.43,21.2,650706.0,2336,21.379
2015-08-21,20.95,21.36,20.61,21.25,319871.0,968,20.978
2015-08-24,19.99,21.45,19.75,21.01,342090.0,1738,20.78
2015-08-25,21.01,21.36,19.77,20.4,491629.0,2154,20.522
2015-08-26,20.0,20.94,20.0,20.41,331564.0,1656,20.435
2015-08-27,20.26,20.86,20.26,20.4,234402.0,1233,20.499
2015-08-28,20.2,20.25,18.82,19.92,173697.0,1102,19.798
2015-08-31,19.52,19.95,19.44,19.74,129903.0,914,19.699
2015-09-01,19.22,19.71,18.87,19.08,177539.0,930,19.274
2015-09-02,18.98,20.18,18.13,18.71,407272.0,2795,18.96
2015-09-03,18.49,19.47,18.3,19.31,276081.0,1997,19.264
2015-09-04,19.07,19.44,18.65,19.07,333377.0,2056,18.957
2015-09-08,18.96,19.5,17.21,17.77,505042.0,2842,18.172
2015-09-09,17.5,18.99,17.39,18.79,408584.0,2945,18.491
2015-09-10,18.53,18.78,18.16,18.35,160114.0,1116,18.349
2015-09-11,17.9,18.59,17.66,17.71,567707.0,1593,17.997
2015-09-14,17.72,17.82,17.35,17.57,360246.0,2206,17.571
2015-09-15,17.66,17.83,17.33,17.38,366758.0,1551,17.581
2015-09-16,17.32,17.51,16.95,16.97,305681.0,1413,17.265
2015-09-17,16.97,17.5,16.97,17.25,326804.0,1663,17.327
2015-09-18,17.14,17.18,16.95,17.08,201722.0,1168,17.033
2015-09-21,17.08,17.2,16.96,17.05,302796.0,1172,17.04
2015-09-22,16.89,16.99,16.74,16.81,218804.0,779,16.87
2015-09-23,16.77,16.94,16.66,16.78,317983.0,1784,16.82
2015-09-24,16.95,17.01,16.78,16.94,305870.0,1906,16.938
2015-09-25,16.89,17.13,16.76,16.98,416208.0,2181,16.978
2015-09-28,16.87,17.01,16.66,16.92,362034.0,1743,16.814
2015-09-29,16.83,16.99,16.66,16.84,86509.0,644,16.8
2015-09-30,16.82,17.0,16.75,16.95,251476.0,1586,16.877
2015-10-01,16.88,16.98,16.54,16.54,183558.0,1251,16.682
2015-10-02,16.48,16.65,15.59,15.76,325469.0,2224,15.947
2015-10-05,15.68,15.96,15.49,15.59,242604.0,1464,15.712
2015-10-06,15.51,15.55,15.27,15.28,372716.0,2042,15.4
2015-10-07,15.4,15.56,15.16,15.23,401788.0,2280,15.308
2015-10-08,15.36,15.82,15.0,15.18,657947.0,1671,15.116
2015-10-09,14.91,15.39,14.85,15.14,379887.0,2713,15.083
2015-10-12,15.16,15.36,14.7,14.75,105408.0,760,14.924
2015-10-13,14.65,14.93,14.65,14.69,155076.0,1162,14.773
2015-10-14,14.76,14.83,14.4,14.45,107350.0,654,14.61
2015-10-15,14.44,14.78,14.4,14.75,145625.0,978,14.614
2015-10-16,14.78,14.8,14.39,14.47,157253.0,924,14.493
2015-10-19,14.41,14.41,13.97,14.12,495217.0,2085,14.067
2015-10-20,14.17,14.6,13.99,14.28,828288.0,1420,14.274
2015-10-21,14.21,14.69,14.17,14.5,496253.0,1154,14.454
2015-10-22,14.7,15.03,14.37,14.6,683055.0,1250,14.751
2015-10-23,14.66,14.99,14.66,14.87,148321.0,963,14.842
2015-10-26,14.79,15.02,14.71,14.83,572694.0,1789,14.908
2015-10-27,14.79,14.79,14.51,14.55,182666.0,1294,14.55
2015-10-28,14.63,14.92,14.55,14.7,114443.0,796,14.714
2015-10-29,14.6,14.99,14.46,14.51,153614.0,1074,14.631
2015-10-30,14.46,14.69,14.25,14.34,348759.0,1331,14.395
2015-11-02,14.35,14.9,14.3,14.8,268978.0,1301,14.681
2015-11-03,14.94,15.5,14.8,15.38,238602.0,1073,15.254
2015-11-04,15.4,16.34,15.33,16.06,446044.0,1623,15.783
2015-11-05,16.15,16.5,15.92,16.35,418682.0,1724,16.375
2015-11-06,16.25,16.38,15.83,16.07,134380.0,989,16.071
2015-11-09,15.98,16.15,15.85,16.03,214881.0,1607,15.975
2015-11-10,16.02,16.73,15.97,16.54,308708.0,2119,16.284
2015-11-11,18.2,19.38,17.85,17.95,1238731.0,6900,18.487
2015-11-12,18.05,18.45,17.5,17.6,305193.0,1430,17.699
2015-11-13,17.69,18.11,17.47,17.64,276192.0,1414,17.815
2015-11-16,17.55,18.26,17.46,18.19,509163.0,1071,17.851
2015-11-17,18.04,18.81,17.97,18.2,497463.0,2355,18.432
2015-11-18,18.14,18.42,17.89,18.08,271173.0,1358,18.06
2015-11-19,17.89,18.48,17.76,18.24,203181.0,984,18.14
2015-11-20,18.31,19.0,18.24,18.81,354628.0,1941,18.72
2015-11-23,18.9,19.69,18.82,19.58,616675.0,1947,19.372
2015-11-24,19.4,19.96,19.36,19.75,544924.0,2063,19.689
2015-11-25,19.68,20.19,19.68,19.82,318030.0,1873,19.989
2015-11-27,19.94,20.07,19.29,20.01,101183.0,533,19.967
2015-11-30,20.05,20.06,19.89,20.0,151577.0,882,20.0
2015-12-01,20.06,20.06,19.86,20.0,304044.0,1479,19.965
2015-12-02,19.93,20.03,19.82,19.94,117959.0,903,19.955
2015-12-03,19.91,20.1,19.55,19.81,173638.0,937,19.898
2015-12-04,19.85,20.69,19.77,20.32,874577.0,1806,20.108
2015-12-07,20.2,20.77,19.5,20.3,190756.0,1178,20.371
2015-12-08,20.13,20.81,19.97,20.78,227783.0,1063,20.592
2015-12-09,20.81,20.86,19.89,20.11,267740.0,828,20.028
2015-12-10,19.67,19.8,19.44,19.54,1256297.0,2736,19.653
2015-12-11,19.85,20.72,19.5,20.34,574216.0,3060,20.162
2015-12-14,20.24,20.78,19.62,19.75,297723.0,2447,19.858
2015-12-15,19.75,20.32,19.5,20.23,221524.0,1557,20.024
2015-12-16,20.31,21.86,20.3,21.56,421770.0,2177,21.349
2015-12-17,21.75,22.22,21.5,21.82,491703.0,3102,21.956
2015-12-18,21.95,21.97,20.7,21.04,385709.0,2883,21.185
2015-12-21,21.05,21.4,20.87,21.0,463670.0,1923,21.127
2015-12-22,21.0,21.34,20.6,20.78,354141.0,1729,20.995
2015-12-23,20.76,21.24,20.5,21.01,271536.0,1811,21.004
2015-12-24,20.95,20.98,20.58,20.78,56702.0,477,20.752
2015-12-28,20.65,21.41,20.58,21.4,252258.0,1131,21.032
2015-12-29,21.5,22.0,21.23,22.0,154898.0,1175,21.703
2015-12-30,21.85,22.6,21.77,22.56,248155.0,2067,22.297
2015-12-31,22.34,22.58,21.86,22.02,172778.0,1342,22.038
2016-01-04,21.72,22.61,21.5,22.33,344622.0,2292,22.084
2016-01-05,22.2,22.64,21.25,21.54,337194.0,2321,21.777
2016-01-06,21.2,22.17,21.05,21.64,478417.0,2841,21.734
2016-01-07,21.36,21.79,20.47,20.55,448119.0,3050,20.911
2016-01-08,19.33,20.7,19.15,19.56,626376.0,4022,20.067
2016-01-11,19.71,20.06,19.42,19.63,466142.0,2436,19.698
2016-01-12,20.36,20.73,19.2,19.58,350211.0,2411,19.871
2016-01-13,19.67,19.98,19.06,19.62,210099.0,1638,19.494
2016-01-14,19.43,19.62,18.65,19.32,334666.0,1894,19.156
2016-01-15,19.14,19.57,18.39,19.41,349057.0,2282,19.031
2016-01-19,19.44,19.95,18.71,18.99,359356.0,1603,19.281
2016-01-20,18.71,18.94,18.1,18.82,256159.0,1368,18.587
2016-01-21,18.92,19.23,18.59,18.81,483072.0,2757,18.862
2016-01-22,19.08,19.67,18.9,19.64,260124.0,1613,19.371
2016-01-25,19.55,19.76,19.35,19.45,130006.0,996,19.496
2016-01-26,19.55,20.31,19.55,19.98,326216.0,1841,20.073
2016-01-27,19.97,20.19,19.53,19.69,286166.0,1370,19.778
2016-01-28,19.7,20.05,18.99,19.6,337620.0,1432,19.456
2016-01-29,19.64,20.21,19.5,19.73,923602.0,3555,19.801
2016-02-01,19.72,20.5,19.65,20.43,541686.0,3785,20.046
2016-02-02,21.02,22.21,20.7,21.11,1221473.0,6277,21.283
2016-02-03,21.5,22.0,20.6,21.78,1057058.0,5539,21.279
2016-02-04,21.67,23.74,21.22,22.2,1329503.0,5720,22.739
2016-02-05,23.75,24.4,23.14,23.79,1579245.0,9412,23.784
2016-02-08,23.5,23.67,22.5,23.56,667776.0,3962,23.184
2016-02-09,23.39,24.38,22.89,23.0,606275.0,4285,23.385
2016-02-10,23.18,24.03,23.07,23.97,516081.0,3545,23.651
2016-02-11,23.89,24.27,22.72,23.03,384609.0,2687,23.231
2016-02-12,23.11,23.7,22.88,23.11,348806.0,2227,23.217
2016-02-16,23.51,23.91,23.12,23.81,488795.0,2495,23.515
2016-02-17,24.0,25.0,23.59,24.39,831295.0,4360,24.436
2016-02-18,24.51,24.75,24.19,24.39,400504.0,2311,24.372
2016-02-19,24.13,24.39,23.72,23.87,484924.0,2673,24.14
2016-02-22,24.55,24.58,23.93,24.2,542711.0,3313,24.194
2016-02-23,24.85,24.85,23.89,24.08,387700.0,2460,24.231
2016-02-24,24.04,24.58,23.39,24.26,782521.0,4333,24.064
2016-02-25,24.24,24.42,24.15,24.25,320583.0,2084,24.247
2016-02-26,24.26,24.5,23.98,24.0,370649.0,1978,24.221
2016-02-29,24.5,24.5,23.88,24.03,439865.0,2534,24.039
2016-03-01,24.15,24.79,24.0,24.38,966095.0,4608,24.357
2016-03-02,24.75,25.65,24.54,25.29,1139552.0,5344,25.117
2016-03-03,24.87,25.1,24.19,24.46,770496.0,4198,24.607
2016-03-04,25.62,26.23,24.51,24.99,1086252.0,6888,25.314
2016-03-07,24.57,25.43,24.3,24.56,396667.0,2778,24.764
2016-03-08,24.0,24.42,22.13,23.74,920361.0,6064,23.355
2016-03-09,24.72,25.4,24.14,24.43,465012.0,3232,24.78
2016-03-10,24.56,24.8,24.21,24.47,374844.0,2577,24.521
2016-03-11,25.2,25.44,24.45,25.37,588387.0,3178,24.933
2016-03-14,25.23,26.46,25.11,25.79,607144.0,3491,25.94
2016-03-15,25.02,25.66,24.79,25.18,482273.0,2789,25.376
2016-03-16,24.99,25.5,24.82,25.25,343424.0,2030,25.283
2016-03-17,25.18,26.29,25.12,26.11,578789.0,2996,25.903
2016-03-18,26.07,26.34,25.69,26.08,455383.0,1920,26.099
2016-03-21,25.93,27.25,25.84,26.92,558596.0,3021,26.774
2016-03-22,26.8,27.11,26.64,26.84,499040.0,2971,26.848
2016-03-23,26.72,27.15,26.66,26.71,322760.0,2340,26.859
2016-03-24,26.53,27.0,26.01,26.73,479588.0,3516,26.74
2016-03-28,26.9,27.15,26.2,26.22,382955.0,2559,26.641
2016-03-29,26.12,26.63,25.93,26.48,282957.0,1856,26.413
2016-03-30,26.6,27.2,26.5,27.14,702617.0,4052,26.81
2016-03-31,27.11,27.19,26.79,26.97,352960.0,2483,26.937
2016-04-01,26.86,26.96,26.49,26.58,231336.0,1811,26.637
2016-04-04,26.57,26.86,26.11,26.4,237428.0,1827,26.45
2016-04-05,26.35,26.59,25.93,26.24,377373.0,2209,26.239
2016-04-06,26.32,27.62,26.25,26.62,451461.0,2280,26.761
2016-04-07,26.47,26.85,26.28,26.68,509252.0,3334,26.496
2016-04-08,26.7,27.91,26.59,27.46,561675.0,3856,27.39
2016-04-11,27.54,27.62,27.08,27.2,229123.0,1890,27.24
2016-04-12,27.14,27.14,26.13,26.24,309569.0,2177,26.548
2016-04-13,26.48,26.95,26.31,26.43,264156.0,1779,26.517
2016-04-14,26.42,27.05,26.25,26.98,198980.0,1075,26.73
2016-04-15,26.9,27.01,26.06,26.92,236667.0,1879,26.548
2016-04-18,26.83,27.05,25.61,25.94,462451.0,2987,25.986
2016-04-19,25.87,26.14,24.01,24.82,1245278.0,7433,24.707
2016-04-20,24.81,25.02,24.5,24.81,469681.0,2828,24.802
2016-04-21,24.81,25.28,24.8,25.05,180087.0,1325,25.025
2016-04-22,25.0,25.75,25.0,25.62,422811.0,2496,25.533
2016-04-25,25.5,25.98,25.12,25.34,356489.0,1810,25.591
2016-04-26,25.37,25.7,24.67,24.77,247910.0,1717,24.925
2016-04-27,24.87,25.88,24.63,25.69,295677.0,1743,25.539
2016-04-28,25.55,25.96,25.34,25.48,258753.0,1782,25.631
2016-04-29,25.28,25.35,24.57,25.3,429988.0,3022,25.028
2016-05-02,25.19,25.68,25.11,25.5,522435.0,3275,25.507
2016-05-03,25.87,26.44,25.6,26.0,1078069.0,5570,25.972
2016-05-04,26.04,26.54,24.82,25.0,791713.0,5957,25.558
2016-05-05,25.0,25.55,23.43,24.66,1143982.0,7039,24.314
2016-05-06,24.59,24.74,23.8,24.47,509122.0,4104,24.192
2016-05-09,24.47,24.63,23.77,23.9,499489.0,3516,24.078
2016-05-10,23.89,23.9,23.23,23.49,499494.0,3509,23.509
2016-05-11,23.5,24.03,23.5,23.72,270798.0,2075,23.761
2016-05-12,23.7,24.16,23.55,23.9,546408.0,3255,23.85
2016-05-13,23.94,24.22,23.28,23.44,558507.0,3898,23.58
2016-05-16,23.33,23.71,23.12,23.18,537663.0,3126,23.295
2016-05-17,23.11,23.31,22.59,22.71,455878.0,3201,23.011
2016-05-18,22.62,23.14,22.55,23.06,204680.0,1787,22.901
2016-05-19,22.74,22.85,20.8,21.71,1774005.0,9286,21.517
2016-05-20,21.84,22.82,21.72,22.46,729939.0,3981,22.467
2016-05-23,22.53,22.89,22.11,22.43,475283.0,3185,22.414
2016-05-24,22.46,22.48,21.78,21.98,996647.0,5696,22.016
2016-05-25,22.0,23.03,22.0,22.78,763034.0,5045,22.586
2016-05-26,22.89,24.25,22.89,23.95,635611.0,4164,23.893
2016-05-27,23.86,24.54,23.55,24.42,669418.0,4404,24.064
2016-05-31,25.5,26.0,25.14,25.34,685002.0,4616,25.395
2016-06-01,25.45,25.85,25.13,25.36,585756.0,3960,25.455
2016-06-02,25.4,25.72,24.49,24.49,917769.0,3919,24.738
2016-06-03,24.26,24.59,24.17,24.53,395043.0,3344,24.392
2016-06-06,24.65,25.19,24.44,25.11,329656.0,2407,24.843
2016-06-07,25.03,25.31,24.83,24.86,216065.0,1740,25.051
2016-06-08,24.86,25.25,24.54,24.78,490496.0,3049,24.949
2016-06-09,24.66,24.76,24.29,24.68,336369.0,1905,24.621
2016-06-10,24.48,25.05,24.06,24.53,606993.0,2850,24.744
2016-06-13,24.36,24.55,24.04,24.11,499437.0,3216,24.243
2016-06-14,24.09,24.53,23.98,24.48,315594.0,2170,24.338
2016-06-15,25.12,26.15,24.82,25.81,887326.0,6016,25.794
2016-06-16,25.72,25.72,24.86,25.45,499807.0,3715,25.28
2016-06-17,26.65,27.39,24.82,24.97,957318.0,5799,25.672
2016-06-20,25.2,25.4,24.71,24.89,1004669.0,6639,24.968
2016-06-21,24.94,24.98,24.06,24.88,596441.0,3839,24.577
2016-06-22,24.8,24.93,24.26,24.6,600120.0,4608,24.534
2016-06-23,24.73,25.58,24.66,25.2,568024.0,4476,25.258
2016-06-24,23.75,25.02,23.75,24.23,1092957.0,7638,24.556
2016-06-27,24.15,24.35,22.04,22.33,1074962.0,7933,22.519
2016-06-28,22.52,23.59,22.52,23.53,740604.0,5461,23.117
2016-06-29,23.78,24.27,23.3,24.02,746335.0,4708,23.867
2016-06-30,24.13,24.27,23.71,24.2,747340.0,4243,23.96
2016-07-01,24.21,24.57,23.5,23.65,554884.0,3228,23.839
2016-07-05,23.6,23.65,23.02,23.5,291739.0,2258,23.325
2016-07-06,23.32,23.64,23.05,23.3,395770.0,3105,23.258
2016-07-07,23.4,23.96,23.4,23.86,308505.0,1893,23.75
2016-07-08,24.13,24.56,23.8,24.51,298547.0,2241,24.282
2016-07-11,24.67,24.97,24.47,24.75,529095.0,2700,24.804
2016-07-12,25.0,25.0,24.34,24.95,398423.0,2878,24.618
2016-07-13,25.14,25.71,24.59,24.74,701646.0,4662,25.023
2016-07-14,24.86,25.86,24.83,25.58,894284.0,3690,25.251
2016-07-15,25.78,26.79,25.35,26.4,1002949.0,3889,26.506
2016-07-18,26.49,26.9,26.28,26.79,887899.0,4487,26.668
2016-07-19,26.66,27.12,26.22,26.29,629040.0,3805,26.646
2016-07-20,26.82,27.68,26.8,27.19,667998.0,3861,27.298
2016-07-21,27.28,27.45,26.68,26.73,344201.0,2420,26.89
2016-07-22,26.65,27.52,26.51,27.49,469368.0,2332,27.148
2016-07-25,28.43,30.65,28.4,30.48,1884675.0,10474,29.782
2016-07-26,30.6,31.41,30.54,30.72,846754.0,5375,30.906
2016-07-27,30.95,31.04,30.54,30.93,441203.0,3107,30.85
2016-07-28,29.14,30.57,28.43,30.46,1084134.0,6587,29.834
2016-07-29,30.28,30.63,29.7,30.25,272254.0,2036,30.281
2016-08-01,30.33,30.48,29.98,30.41,407725.0,2709,30.268
2016-08-02,30.34,30.47,29.31,29.52,359007.0,2587,29.643
2016-08-03,30.05,31.08,29.86,30.77,843373.0,5225,30.72
2016-08-04,30.88,31.24,30.56,30.89,420124.0,2789,30.912
2016-08-05,31.27,31.89,30.93,31.33,467693.0,3107,31.423
2016-08-08,31.49,31.5,30.86,31.27,484311.0,2927,31.148
2016-08-09,31.16,32.48,30.79,32.13,924515.0,5346,32.015
2016-08-10,33.5,33.5,30.17,31.82,2136666.0,12568,31.773
2016-08-11,30.78,32.05,30.24,31.81,1029276.0,6338,31.55
2016-08-12,32.0,32.86,31.5,32.72,723586.0,4291,32.512
2016-08-15,32.9,32.98,32.14,32.66,593552.0,3724,32.601
2016-08-16,32.86,32.99,32.24,32.83,484269.0,2998,32.774
2016-08-17,32.59,32.86,31.82,32.0,504698.0,3344,32.197
2016-08-18,32.22,34.56,32.04,34.31,1584593.0,8704,33.967
2016-08-19,34.45,34.79,34.27,34.6,980664.0,5300,34.555
2016-08-22,34.65,34.67,33.5,34.04,1366427.0,5847,34.042
2016-08-23,33.96,34.39,33.78,34.21,924592.0,3276,34.079
2016-08-24,34.13,34.24,33.58,33.66,314783.0,1940,33.851
2016-08-25,33.5,34.0,33.2,33.87,261054.0,1675,33.747
2016-08-26,33.78,34.15,33.47,33.89,677893.0,4077,33.747
2016-08-29,33.83,34.6,33.8,34.53,347612.0,2169,34.46
2016-08-30,34.55,35.25,34.16,34.55,532251.0,3011,34.679
2016-08-31,34.48,35.25,34.34,35.12,642603.0,4362,34.883
2016-09-01,35.24,35.45,34.47,34.5,1598757.0,6531,34.671
2016-09-02,34.75,35.25,34.08,35.24,415957.0,2746,34.773
2016-09-06,35.45,36.85,35.39,36.25,1408951.0,7932,36.358
2016-09-07,36.83,37.45,36.57,37.35,1204454.0,6517,37.142
2016-09-08,37.33,37.82,36.94,37.6,673199.0,4863,37.414
2016-09-09,37.6,38.0,36.2,36.43,1004418.0,5872,37.119
2016-09-12,36.0,37.5,35.37,37.35,890471.0,5715,37.024
2016-09-13,37.28,37.77,36.79,37.19,627961.0,4453,37.098
2016-09-14,37.25,38.92,37.25,38.3,753491.0,4594,38.279
2016-09-15,38.3,39.57,38.3,39.15,836224.0,5597,39.076
2016-09-16,39.89,39.9,39.0,39.21,978049.0,5168,39.331
2016-09-19,39.98,41.19,39.8,40.55,1235206.0,6976,40.644
2016-09-20,41.0,41.12,39.2,39.87,989884.0,6218,40.064
2016-09-21,39.82,40.96,39.58,40.32,858346.0,4698,40.281
2016-09-22,40.36,41.81,40.36,41.79,881178.0,4456,41.199
2016-09-23,41.59,41.77,40.81,40.97,730563.0,4237,41.164
2016-09-26,41.05,41.47,40.32,40.98,768932.0,4420,41.102
2016-09-27,40.75,41.92,40.41,41.84,665433.0,4249,41.402
2016-09-28,42.07,42.36,41.44,41.99,529220.0,3118,41.868
2016-09-29,41.99,41.99,41.03,41.36,606279.0,3781,41.559
2016-09-30,41.59,41.97,41.18,41.77,798821.0,4268,41.639
2016-10-03,41.95,41.97,41.14,41.45,399399.0,2302,41.432
2016-10-04,41.63,42.24,41.43,42.12,461113.0,3261,41.899
2016-10-05,42.99,43.81,42.5,43.37,786644.0,5191,43.289
2016-10-06,43.37,44.69,43.19,44.48,734788.0,5245,44.132
2016-10-07,44.73,45.25,43.88,44.24,573249.0,3492,44.452
2016-10-10,44.36,44.99,44.36,44.5,405531.0,2567,44.65
2016-10-11,41.03,42.87,39.84,40.73,2652468.0,16462,41.249
2016-10-12,40.7,41.43,40.11,40.97,716316.0,4871,40.924
2016-10-13,40.38,40.79,39.12,40.73,917277.0,6229,40.211
2016-10-14,40.75,41.42,40.45,40.47,332459.0,2477,40.78
2016-10-17,40.5,40.8,39.99,40.25,356330.0,2628,40.408
2016-10-18,40.7,40.8,40.23,40.39,357099.0,2344,40.501
2016-10-19,40.44,40.79,40.02,40.64,192381.0,1373,40.604
2016-10-20,40.5,41.11,40.18,41.04,498832.0,2258,40.81
2016-10-21,40.63,40.97,40.32,40.4,277622.0,2189,40.55
2016-10-24,40.75,41.55,40.55,41.4,399232.0,2688,41.222
2016-10-25,41.5,41.99,40.75,40.85,399100.0,2474,41.285
2016-10-26,40.85,41.4,40.2,40.65,458667.0,2538,40.855
2016-10-27,40.8,41.5,38.5,38.9,1854081.0,11915,39.465
2016-10-28,37.5,41.15,34.7,37.45,1955374.0,13244,38.405
2016-10-31,37.75,37.95,32.9,33.6,3172364.0,18368,34.656
2016-11-01,33.6,36.2,33.6,35.8,2020668.0,14140,35.327
2016-11-02,36.05,37.1,35.05,35.6,843709.0,5995,35.848
2016-11-03,35.6,36.4,35.4,35.45,599427.0,4265,35.737
2016-11-04,35.45,35.8,34.2,34.4,737114.0,5573,34.665
2016-11-07,36.35,37.05,35.75,35.85,1132468.0,8000,36.191
2016-11-08,35.85,37.0,35.65,36.5,668169.0,4082,36.416
2016-11-09,35.7,36.7,35.1,36.5,463026.0,3233,36.213
2016-11-10,37.0,37.05,34.55,34.7,1039681.0,5153,35.163
2016-11-11,34.65,37.0,34.31,36.6,1189035.0,6963,35.809
2016-11-14,36.6,37.95,36.6,37.45,835481.0,4568,37.47
2016-11-15,37.85,39.43,37.75,38.8,999449.0,6054,38.833
2016-11-16,38.45,40.78,38.41,40.65,1071011.0,6801,39.776
2016-11-17,40.45,41.7,40.22,41.55,1142580.0,6303,41.109
2016-11-18,41.75,42.31,41.2,42.2,757966.0,4540,41.857
2016-11-21,42.3,42.5,40.25,40.5,1004087.0,5287,40.771
2016-11-22,40.5,41.35,40.05,41.1,618109.0,4264,40.853
2016-11-23,40.75,41.68,40.5,41.3,260955.0,1725,41.091
2016-11-25,41.5,41.5,40.5,41.2,141629.0,928,40.901
2016-11-28,41.2,41.95,40.9,41.3,424392.0,2480,41.325
2016-11-29,41.15,42.0,40.55,41.35,266824.0,1871,41.542
2016-11-30,41.5,41.65,39.3,40.1,535001.0,3330,40.175
2016-12-01,40.1,40.45,37.05,37.8,992377.0,5971,38.097
2016-12-02,37.6,37.8,35.9,37.0,944090.0,6955,36.687
2016-12-05,37.2,40.35,37.15,39.5,1044062.0,6627,39.26
2016-12-06,39.7,40.15,39.06,40.0,680170.0,4476,39.673
2016-12-07,39.85,40.34,39.2,39.6,401389.0,2722,39.63
2016-12-08,40.45,44.0,40.11,43.5,1945255.0,10368,43.006
2016-12-09,44.5,44.7,40.0,42.4,1742942.0,10582,42.26
2016-12-12,42.15,43.23,40.85,41.6,515235.0,3429,41.787
2016-12-13,41.95,42.7,40.45,40.5,615995.0,3878,41.308
2016-12-14,40.45,40.75,37.9,38.9,1304946.0,8000,39.143
2016-12-15,39.0,40.95,39.0,40.2,815440.0,5043,40.274
2016-12-16,40.4,41.2,38.85,39.1,984904.0,6045,40.005
2016-12-19,39.3,40.4,39.0,39.95,416737.0,3022,39.834
2016-12-20,40.0,40.35,39.5,40.2,412187.0,3046,40.005
2016-12-21,40.05,40.7,39.85,40.3,351070.0,2430,40.336
2016-12-22,40.35,40.78,39.65,39.9,256720.0,1910,40.13
2016-12-23,39.75,40.5,39.75,40.5,234648.0,1785,40.278
2016-12-27,40.5,41.4,40.25,41.15,386065.0,3047,40.985
2016-12-28,41.45,41.5,39.3,39.4,558037.0,3831,40.024
2016-12-29,39.35,39.74,38.75,39.3,525516.0,4173,39.106
2016-12-30,39.35,39.45,38.0,38.65,601367.0,4340,38.656
2017-01-03,39.4,39.7,36.85,37.3,996507.0,7122,37.758
2017-01-04,37.55,38.45,36.85,37.6,889111.0,5708,37.37
2017-01-05,37.45,37.6,36.65,36.8,497956.0,2788,36.975
2017-01-06,36.85,37.2,35.9,36.55,655747.0,4622,36.387
2017-01-09,36.35,36.84,36.22,36.35,723968.0,5091,36.428
2017-01-10,36.6,37.55,36.3,37.5,996106.0,6541,36.812
2017-01-11,37.35,37.45,36.2,36.55,870774.0,5356,36.788
2017-01-12,37.25,37.25,35.12,36.05,1128053.0,6935,35.743
2017-01-13,36.15,37.0,35.62,36.35,525631.0,3840,36.283
2017-01-17,36.05,36.05,34.77,34.9,590915.0,4310,35.281
2017-01-18,35.05,35.25,34.2,34.7,785166.0,6089,34.68
2017-01-19,35.05,36.55,34.9,35.1,1184681.0,7408,35.568
2017-01-20,35.2,35.45,34.8,35.15,560669.0,3919,35.075
2017-01-23,35.05,35.6,34.15,34.4,876671.0,4322,34.747
2017-01-24,34.75,37.83,34.65,37.7,1398925.0,8763,37.109
2017-01-25,38.55,39.05,37.67,38.55,1036122.0,6923,38.395
2017-01-26,38.6,38.75,37.51,37.75,458726.0,3683,37.905
2017-01-27,37.75,37.85,36.95,37.4,404352.0,2851,37.299
2017-01-30,36.9,36.95,36.05,36.75,316244.0,2453,36.619
2017-01-31,36.55,38.2,35.85,37.95,973682.0,4931,37.15
2017-02-01,38.5,38.5,37.05,38.1,966704.0,6017,37.667
2017-02-02,38.1,38.3,37.67,37.85,612290.0,2897,37.934
2017-02-03,38.1,39.0,38.0,38.85,638076.0,4929,38.632
2017-02-06,38.75,38.98,38.35,38.8,586286.0,4619,38.717
2017-02-07,39.2,41.2,36.9,40.2,4763170.0,28456,40.053
2017-02-08,42.0,46.45,41.9,45.85,4823683.0,30615,44.422
2017-02-09,46.15,49.4,45.9,46.6,3293507.0,20454,47.761
2017-02-10,46.95,48.35,46.9,47.45,1586547.0,10093,47.572
2017-02-13,48.15,50.2,48.15,49.55,1956803.0,12431,49.5
2017-02-14,49.55,51.25,49.0,50.5,1245583.0,8261,50.38
2017-02-15,50.45,50.75,49.0,49.45,1445311.0,8207,49.458
2017-02-16,50.15,52.0,50.1,51.85,1766003.0,10942,51.265
2017-02-17,51.3,51.4,50.3,51.1,1081107.0,7120,50.817
2017-02-21,51.15,53.7,51.15,52.55,917049.0,6249,52.432
2017-02-22,52.1,52.39,48.87,49.65,1739953.0,9578,50.187
2017-02-23,50.0,50.24,46.55,48.7,1830011.0,11706,48.16
2017-02-24,47.8,48.4,47.0,47.8,768885.0,5174,47.801
2017-02-27,46.85,47.6,44.75,46.45,2158158.0,11500,46.538
2017-02-28,46.35,47.35,45.4,45.9,923597.0,6341,46.151
2017-03-01,46.65,48.31,46.62,47.9,1434883.0,7826,47.571
2017-03-02,45.6,47.4,45.55,45.75,2853610.0,16112,46.209
2017-03-03,45.95,46.8,45.25,46.7,2038730.0,12374,46.099
2017-03-06,46.4,47.7,45.9,47.2,1574359.0,8834,46.871
2017-03-07,47.5,47.85,46.1,46.5,1044475.0,6358,46.944
2017-03-08,46.75,46.95,45.15,45.5,814186.0,5900,45.683
2017-03-09,45.25,46.45,43.9,45.85,1287379.0,8777,45.473
2017-03-10,45.0,46.95,44.6,45.8,2260992.0,12378,45.895
2017-03-13,45.75,46.8,44.5,44.85,1603348.0,8917,45.399
2017-03-14,44.45,44.55,42.9,43.1,1585805.0,10380,43.353
2017-03-15,44.3,46.2,43.0,45.65,2288100.0,14743,45.122
2017-03-16,46.65,49.75,46.4,48.9,3148083.0,18440,48.477
2017-03-17,48.85,49.8,48.0,49.45,1399570.0,7990,49.041
2017-03-20,49.2,49.75,48.1,49.2,988502.0,6046,49.034
2017-03-21,49.75,51.75,48.4,48.45,2004323.0,12357,49.933
2017-03-22,48.5,51.7,47.9,51.45,1455365.0,8827,50.278
2017-03-23,52.5,52.5,51.1,51.5,1468410.0,9805,51.766
2017-03-24,52.05,54.05,52.01,53.5,1734993.0,10432,53.275
2017-03-27,51.95,55.2,51.16,54.15,1781858.0,11468,53.738
2017-03-28,54.05,54.93,53.85,54.7,882123.0,5454,54.55
2017-03-29,55.85,55.93,51.9,53.55,2665494.0,12936,53.531
2017-03-30,53.45,55.1,52.65,53.7,1022555.0,5188,54.004
2017-03-31,53.55,53.65,52.35,53.35,832456.0,5517,53.024
2017-04-03,53.27,53.7,51.15,51.5,1347020.0,8576,51.734
2017-04-04,51.0,52.0,50.0,50.45,1255661.0,8068,50.831
2017-04-05,50.3,50.45,47.9,47.95,1837976.0,11939,48.833
2017-04-06,47.95,49.55,47.8,49.0,967040.0,6282,48.798
2017-04-07,48.8,49.3,48.05,48.2,779588.0,5441,48.47
2017-04-10,48.05,48.4,46.45,47.15,1255382.0,7544,47.278
2017-04-11,47.05,47.6,45.57,45.7,1511071.0,9279,46.314
2017-04-12,45.1,46.31,44.15,44.25,1892041.0,11653,44.915
2017-04-13,45.65,46.0,43.85,44.1,1352924.0,8987,44.831
2017-04-17,44.05,45.15,44.05,45.0,882666.0,6292,44.69
2017-04-18,44.85,46.35,44.75,45.3,1389873.0,10180,45.629
2017-04-19,45.9,45.95,42.4,42.95,2242203.0,13941,43.242
2017-04-20,43.35,44.2,43.05,43.9,1036895.0,6975,43.898
2017-04-21,44.1,46.15,44.0,45.2,1659025.0,9584,45.238
2017-04-24,46.15,47.6,44.87,47.45,2001476.0,13154,46.618
2017-04-25,46.5,48.05,46.5,47.35,1247856.0,8683,47.389
2017-04-26,46.85,46.85,43.45,43.55,2360300.0,13500,44.781
2017-04-27,43.85,44.65,43.55,43.8,762780.0,5750,43.924
2017-04-28,43.9,44.25,42.25,42.75,2154672.0,11848,42.984
2017-05-01,43.1,43.93,42.72,43.7,1532284.0,10294,43.493
2017-05-02,43.7,44.0,42.45,42.75,1381404.0,7881,43.065
2017-05-03,41.0,43.25,40.35,42.75,4105320.0,23645,41.752
2017-05-04,46.5,50.65,46.2,47.0,6571566.0,34712,48.604
2017-05-05,47.55,49.95,46.9,49.45,2566382.0,14557,48.605
2017-05-08,49.45,50.25,48.07,49.5,1412329.0,9106,49.151
2017-05-09,49.9,51.58,49.45,51.35,1334076.0,8019,50.678
2017-05-10,51.05,52.9,50.56,52.8,1154246.0,7395,52.029
2017-05-11,52.45,52.75,50.95,51.6,951198.0,6580,51.729
2017-05-12,51.5,53.55,51.1,53.4,1168843.0,7317,52.601
2017-05-15,53.85,55.65,53.65,54.55,1385764.0,8999,54.682
2017-05-16,53.15,56.7,52.86,56.55,2264775.0,14320,55.405
2017-05-17,54.4,55.75,51.75,52.05,1984796.0,13094,53.247
2017-05-18,51.4,53.25,50.55,53.05,1488812.0,9812,52.253
2017-05-19,53.65,54.95,53.1,53.35,771956.0,5095,54.022
2017-05-22,53.9,58.3,53.9,57.35,1927080.0,11118,56.876
2017-05-23,58.15,58.9,55.9,56.85,1416791.0,8525,56.885
2017-05-24,56.85,56.9,55.6,56.2,673724.0,4774,56.196
2017-05-25,56.65,57.6,55.9,56.45,998631.0,5950,56.589
2017-05-26,56.7,59.25,56.2,58.5,1456678.0,8522,58.109
2017-05-30,58.5,59.2,57.6,58.5,1012210.0,6930,58.474
2017-05-31,58.4,58.65,56.2,57.05,960661.0,6914,57.13
2017-06-01,58.35,58.79,56.85,58.55,791893.0,5654,58.238
2017-06-02,58.6,59.2,57.85,58.3,693122.0,4944,58.262
2017-06-05,58.35,58.68,57.35,57.8,670497.0,4775,58.06
2017-06-06,57.25,64.55,57.25,62.85,3518407.0,21106,62.249
2017-06-07,62.95,63.55,61.9,63.5,1178001.0,8689,62.967
2017-06-08,63.25,65.33,62.45,65.1,1553918.0,10193,64.649
2017-06-09,65.35,67.3,58.95,60.5,2393269.0,15919,62.486
2017-06-12,61.0,62.2,57.5,61.0,1352411.0,8413,60.37
2017-06-13,62.5,64.83,61.8,62.55,1215476.0,7755,62.937
2017-06-14,63.1,63.5,60.95,62.15,1175217.0,7832,62.284
2017-06-15,60.5,62.55,60.3,61.55,883825.0,5718,61.518
2017-06-16,62.0,64.3,61.5,63.1,1533970.0,9789,62.935
2017-06-19,64.55,64.8,62.25,62.85,919611.0,6032,62.992
2017-06-20,63.05,64.65,62.3,62.45,953446.0,6569,63.197
2017-06-21,62.6,63.5,61.55,62.5,653742.0,4329,62.578
2017-06-22,63.9,63.93,61.75,62.45,1047689.0,7035,62.576
2017-06-23,63.05,65.4,62.0,64.0,1442259.0,9964,63.845
2017-06-26,64.85,65.8,61.41,62.65,1360070.0,9123,63.276
2017-06-27,63.0,63.05,59.15,59.35,1407494.0,9611,60.559
2017-06-28,59.55,60.68,58.6,60.2,1472182.0,8871,59.96
2017-06-29,59.6,59.95,56.2,57.3,1352443.0,9687,57.581
2017-06-30,57.5,58.45,56.87,57.05,1001475.0,6352,57.564
2017-07-03,57.5,60.5,56.5,57.9,1987156.0,13043,58.639
2017-07-05,58.2,59.25,57.7,58.25,852540.0,6353,58.444
2017-07-06,57.25,59.5,56.71,58.5,1163605.0,8708,58.586
2017-07-07,58.9,62.0,58.9,61.6,1615090.0,10598,61.038
2017-07-10,62.8,63.1,60.5,61.6,1301526.0,8925,61.421
2017-07-11,61.45,61.96,59.75,61.35,1051351.0,6969,60.864
2017-07-12,61.95,62.45,60.2,60.35,1054254.0,7195,61.186
2017-07-13,61.9,65.15,60.55,64.05,2431259.0,14037,63.631
2017-07-14,63.5,64.55,63.1,63.8,870653.0,5419,63.821
2017-07-17,64.25,64.35,61.25,61.35,1157664.0,6833,61.979
2017-07-18,61.8,61.87,60.5,60.7,1321845.0,8200,61.049
2017-07-19,60.55,62.25,60.55,61.55,1658130.0,9084,61.409
2017-07-20,61.75,62.35,60.3,60.45,1507544.0,7748,61.088
2017-07-21,60.85,64.25,60.35,63.35,1731656.0,8840,62.961
2017-07-24,63.55,68.05,62.95,67.95,3306228.0,18691,66.027
2017-07-25,67.5,67.75,65.75,66.95,2059206.0,12955,66.74
2017-07-26,67.5,68.63,64.6,64.9,1605162.0,9175,66.159
2017-07-27,65.55,65.75,59.9,61.9,1999912.0,11741,62.554
2017-07-28,61.45,63.0,60.85,61.9,828918.0,4862,61.616
2017-07-31,62.65,63.3,61.15,62.6,739903.0,5145,62.408
2017-08-01,63.1,64.43,62.15,63.7,781911.0,4840,63.602
2017-08-02,64.0,65.0,61.1,61.7,2912685.0,16729,63.097
2017-08-03,62.75,63.45,61.5,62.45,1069230.0,7793,62.494
2017-08-04,61.6,62.35,58.1,58.85,2318037.0,13885,59.577
2017-08-07,60.0,60.65,58.3,58.75,1647845.0,9610,59.043
2017-08-08,58.7,59.4,57.1,59.25,2993948.0,20999,58.572
2017-08-09,64.25,64.5,56.8,57.4,5137051.0,28219,59.84
2017-08-10,57.05,57.32,52.8,53.05,3071279.0,21727,54.208
2017-08-11,52.65,53.85,51.85,51.95,2165269.0,14370,52.863
2017-08-14,52.6,54.85,52.6,54.1,1529846.0,10261,53.781
2017-08-15,54.5,54.65,52.3,53.0,1747955.0,10208,53.049
2017-08-16,52.65,53.7,51.4,53.0,1377170.0,8634,52.792
2017-08-17,52.2,53.25,51.25,51.35,1515069.0,11076,51.955
2017-08-18,51.15,53.34,51.0,52.0,1624188.0,11554,52.542
2017-08-21,51.85,52.35,50.45,51.1,1155527.0,8314,51.065
2017-08-22,51.25,54.4,51.25,54.35,1566795.0,10464,53.328
2017-08-23,53.3,56.7,53.0,56.0,2258129.0,15879,54.801
2017-08-24,57.15,59.5,56.65,57.45,3714533.0,23083,58.132
2017-08-25,58.0,58.05,56.45,56.7,1140688.0,8283,56.998
2017-08-28,56.7,56.95,55.91,56.6,618632.0,4988,56.56
2017-08-29,55.75,56.6,54.8,56.0,894314.0,5876,55.891
2017-08-30,56.0,57.1,55.75,56.8,1113867.0,6950,56.385
2017-08-31,56.15,58.4,54.65,56.85,2062423.0,11062,56.754
2017-09-01,57.25,58.0,56.6,57.25,691796.0,4661,57.058
2017-09-05,57.0,59.15,56.3,58.2,1594166.0,10296,57.747
2017-09-06,58.5,59.75,56.86,57.85,1310376.0,8794,58.392
2017-09-07,57.95,58.1,57.15,57.4,884024.0,5935,57.471
2017-09-08,58.65,58.65,56.25,56.4,1366298.0,8237,57.39
2017-09-11,57.0,59.15,57.0,58.5,1974187.0,12624,58.3
2017-09-12,59.25,60.0,56.15,57.25,2897640.0,15539,58.094
2017-09-13,56.7,59.8,56.2,58.8,1766447.0,10524,58.459
2017-09-14,58.2,58.62,56.45,57.0,1278453.0,8166,57.638
2017-09-15,57.0,57.85,56.2,57.25,1337739.0,8086,56.942
2017-09-18,57.25,59.55,56.86,59.35,1361518.0,7998,58.516
2017-09-19,59.55,59.85,58.4,59.25,714838.0,4436,59.092
2017-09-20,59.35,59.4,56.4,56.65,1352320.0,8439,57.431
2017-09-21,56.45,56.65,54.35,55.05,1279765.0,7621,55.237
2017-09-22,54.85,55.6,54.55,55.1,906069.0,5789,55.133
2017-09-25,54.3,54.38,51.15,51.9,1951351.0,12145,52.095
2017-09-26,52.1,52.7,50.8,50.8,1652888.0,10798,51.537
2017-09-27,53.25,55.5,52.4,55.0,2800780.0,15433,54.28
2017-09-28,55.0,55.25,53.7,55.2,1156171.0,7507,54.484
2017-09-29,55.25,55.85,53.75,54.35,1167421.0,7242,54.297
2017-10-02,54.55,55.65,54.0,55.6,800126.0,5652,55.006
2017-10-03,55.55,55.6,54.35,54.55,610226.0,4026,54.808
2017-10-04,55.8,56.7,54.1,56.05,1833541.0,9388,55.576
2017-10-05,55.0,56.65,54.55,55.3,816161.0,5652,55.4
2017-10-06,56.25,59.09,55.4,58.6,1740743.0,9736,57.993
2017-10-09,58.9,59.4,57.87,58.6,865333.0,5586,58.509
2017-10-10,58.85,59.15,57.6,57.8,636691.0,4021,58.109
2017-10-11,57.8,58.55,57.6,58.0,683642.0,4058,58.134
2017-10-12,58.0,60.2,57.46,58.95,1077298.0,6866,59.098
2017-10-13,58.25,59.75,57.27,57.7,1162853.0,6904,58.1
2017-10-16,57.2,57.99,55.6,55.75,1320735.0,7142,56.295
2017-10-17,55.9,57.0,55.75,56.1,790665.0,4133,56.193
2017-10-18,56.1,56.85,55.5,56.5,877930.0,5366,56.275
2017-10-19,55.65,57.5,55.2,56.05,1198782.0,6556,56.158
2017-10-20,56.6,56.68,55.2,55.95,1249057.0,7191,55.989
2017-10-23,55.8,59.75,55.15,59.5,1957028.0,10673,58.394
2017-10-24,59.9,63.8,59.9,63.1,3253323.0,17543,62.731
2017-10-25,63.1,63.4,60.45,61.35,1589393.0,10639,61.599
2017-10-26,62.05,62.95,60.5,61.65,1022536.0,7020,61.454
2017-10-27,62.6,63.13,61.37,62.6,1491020.0,10095,62.497
2017-10-30,62.7,65.1,62.65,64.75,2186786.0,14545,64.276
2017-10-31,65.05,65.85,63.1,63.15,2943724.0,19255,64.162
2017-11-01,62.45,66.7,60.15,63.2,5402488.0,29164,63.238
2017-11-02,63.0,64.8,58.2,58.85,3138587.0,18856,59.529
2017-11-03,60.0,60.35,56.7,59.3,2496970.0,15315,57.958
2017-11-06,59.7,59.7,56.5,57.4,1412771.0,8707,57.516
2017-11-07,56.95,58.01,55.85,56.0,1233858.0,7910,56.753
2017-11-08,55.95,57.65,55.65,57.35,1364861.0,9646,56.742
2017-11-09,56.3,56.85,54.85,55.45,1450360.0,9085,55.61
2017-11-10,55.45,57.95,55.45,57.15,1114555.0,7163,57.093
2017-11-13,56.55,58.0,56.55,57.65,656171.0,4792,57.354
2017-11-14,58.0,58.0,55.7,55.8,1120784.0,7725,56.329
2017-11-15,55.35,56.7,54.55,56.45,752977.0,5292,55.887
2017-11-16,57.0,58.75,57.0,57.65,1068936.0,6946,57.861
2017-11-17,57.7,58.0,56.55,57.5,1186769.0,8302,57.322
2017-11-20,57.5,58.8,57.35,57.95,835270.0,5390,58.073
2017-11-21,58.35,59.45,58.0,59.33,977242.0,5900,58.869
2017-11-22,59.45,61.0,59.4,60.25,1126407.0,6673,60.463
2017-11-24,60.5,60.68,59.75,60.3,380187.0,2661,60.254
2017-11-27,60.05,60.4,57.8,58.15,1125893.0,7868,58.547
2017-11-28,58.2,58.45,56.5,57.3,1117289.0,7359,57.256
2017-11-29,57.55,57.55,53.45,54.1,3552096.0,19755,54.657
2017-11-30,54.35,55.15,53.5,54.05,1516420.0,9824,54.149
2017-12-01,53.45,53.95,51.05,52.25,1877389.0,10040,52.461
2017-12-04,52.9,53.3,46.97,47.15,3282506.0,20199,48.97
2017-12-05,47.8,49.25,47.0,47.15,1961121.0,11975,47.692
2017-12-06,46.7,47.6,45.9,46.4,1617785.0,9855,46.594
2017-12-07,46.8,49.6,46.75,48.55,2693718.0,15168,48.395
2017-12-08,49.5,52.14,49.05,49.6,3884949.0,22341,50.568
2017-12-11,51.75,53.81,51.15,53.5,2430415.0,13741,52.632
2017-12-12,53.7,53.9,51.65,51.75,1900183.0,12573,52.773
2017-12-13,45.6,51.08,44.05,50.27,10702750.0,49857,47.789
2017-12-14,51.4,53.0,50.65,50.93,2717719.0,14671,51.321
2017-12-15,51.0,52.8,49.85,52.15,1758031.0,10796,51.502
2017-12-18,52.65,53.0,51.3,52.35,1463526.0,9194,52.005
2017-12-19,52.25,53.65,52.07,53.4,1264567.0,8000,53.107
2017-12-20,53.55,53.95,51.65,53.9,1827140.0,11121,53.218
2017-12-21,53.95,55.2,53.2,53.35,1489830.0,9105,54.107
2017-12-22,53.4,53.55,52.2,52.8,793100.0,4575,52.894
2017-12-26,52.0,52.0,49.5,49.7,1907316.0,10797,50.234
2017-12-27,49.75,51.38,49.45,50.05,1308097.0,7594,50.348
2017-12-28,50.35,50.75,48.95,49.05,1357309.0,7680,49.328
2017-12-29,49.25,49.5,47.6,48.9,1495883.0,8725,48.618
2018-01-02,49.35,50.38,48.6,50.15,1037725.0,6724,49.764
2018-01-03,51.15,51.27,49.85,50.9,1027351.0,5977,50.798
2018-01-04,51.3,51.65,49.07,50.2,1514969.0,8944,49.871
2018-01-05,50.4,51.3,49.35,51.1,1111951.0,6675,50.429
2018-01-08,51.45,52.1,50.4,51.75,1151721.0,7436,51.273
2018-01-09,51.8,51.85,50.1,50.45,1602515.0,9086,50.812
2018-01-10,51.85,51.85,50.55,51.65,1624743.0,9282,51.242
2018-01-11,51.7,53.65,51.7,53.0,1406621.0,7666,53.002
2018-01-12,53.45,53.85,52.25,53.2,1180351.0,5811,53.049
2018-01-16,53.2,53.45,50.6,51.65,2545491.0,11602,51.687
2018-01-17,51.65,52.4,50.55,51.5,1368171.0,7683,51.537
2018-01-18,51.15,51.85,50.15,51.7,1346202.0,7949,51.299
2018-01-19,51.8,51.8,48.6,48.85,2793019.0,13742,49.479
2018-01-22,48.05,48.1,44.3,45.2,5660687.0,29332,45.404
2018-01-23,45.65,45.7,43.15,44.1,3811830.0,19352,44.226
2018-01-24,43.85,44.55,42.6,44.45,3401518.0,16953,43.694
2018-01-25,44.5,44.99,43.7,44.5,1971599.0,13156,44.243
2018-01-26,44.2,44.7,43.8,44.25,1756707.0,8851,44.291
2018-01-29,45.5,45.95,44.0,44.35,2251110.0,11581,44.662
2018-01-30,43.85,46.0,43.85,44.95,1439215.0,9162,45.112
2018-01-31,46.2,46.58,45.25,46.3,2216626.0,13418,46.068
2018-02-01,46.0,48.45,45.8,47.9,2635124.0,14926,47.359
2018-02-02,47.8,47.9,44.5,44.85,2796844.0,16991,45.723
2018-02-05,44.5,45.75,41.95,42.6,2308470.0,15283,43.657
2018-02-06,46.5,52.4,46.1,51.65,8803615.0,44086,49.625
2018-02-07,52.5,55.95,52.2,53.6,4907410.0,27417,54.215
2018-02-08,53.25,56.93,53.25,55.4,3830036.0,24604,55.555
2018-02-09,55.85,57.75,54.75,57.2,3310969.0,19920,56.683
2018-02-12,57.76,58.2,55.6,56.9,1648838.0,10693,56.743
2018-02-13,55.05,57.95,54.71,57.55,1707492.0,11100,57.142
2018-02-14,56.75,57.97,56.55,57.1,1881410.0,12136,57.078
2018-02-15,57.35,58.55,56.2,58.45,1786225.0,10586,57.544
2018-02-16,58.05,59.2,57.52,59.05,1525314.0,9023,58.737
2018-02-20,58.5,59.6,58.35,58.75,1411172.0,9179,59.03
2018-02-21,58.8,59.98,58.45,58.8,1227798.0,7576,59.271
2018-02-22,58.55,59.35,57.75,58.1,981768.0,6566,58.443
2018-02-23,58.3,59.65,57.5,59.4,1241424.0,7716,58.879
2018-02-26,59.5,60.6,59.25,60.55,1269406.0,7773,60.036
2018-02-27,60.3,60.85,59.55,60.1,850929.0,5922,60.157
2018-02-28,60.0,62.05,59.29,61.0,1496390.0,9215,60.841
2018-03-01,61.3,62.45,60.62,61.55,1423036.0,9446,61.61
2018-03-02,61.05,63.75,60.7,63.27,1641985.0,11610,62.467
2018-03-05,63.15,64.7,62.7,63.9,1337783.0,9134,64.021
2018-03-06,64.85,65.75,63.55,65.3,1452590.0,9814,64.855
2018-03-07,64.4,66.0,64.3,65.3,1235683.0,8036,65.209
2018-03-08,65.4,67.4,64.81,65.35,1478318.0,9770,66.076
2018-03-09,65.9,69.25,65.75,68.98,2191783.0,13661,68.259
2018-03-12,71.0,74.4,70.4,72.0,5126441.0,34283,72.499
2018-03-13,72.1,73.55,71.15,71.9,1760908.0,13320,72.122
2018-03-14,72.0,73.85,71.55,73.2,1488228.0,10703,73.044
2018-03-15,73.75,74.05,70.25,71.2,1600007.0,10833,71.448
2018-03-16,71.3,71.5,69.15,69.95,1679638.0,9689,70.187
2018-03-19,69.3,70.6,67.05,69.05,1525465.0,10627,68.655
2018-03-20,69.45,70.95,68.82,69.4,790497.0,5485,69.75
2018-03-21,69.1,71.45,69.1,69.8,1394377.0,9586,70.523
2018-03-22,69.1,71.0,68.85,69.05,1071635.0,7631,69.712
2018-03-23,68.8,69.55,67.35,67.35,1090739.0,7950,68.226
2018-03-26,68.5,69.25,67.1,67.95,1096006.0,8059,67.868
2018-03-27,68.25,69.5,65.82,66.4,1428646.0,10476,67.689
2018-03-28,64.55,65.1,62.0,62.2,2715798.0,16740,63.242
2018-03-29,62.5,64.4,61.55,63.8,1900212.0,14530,63.181
2018-04-02,63.1,64.15,60.75,61.5,1773979.0,11923,61.939
2018-04-03,61.85,62.48,60.02,60.4,2342922.0,16559,61.05
2018-04-04,59.0,62.55,58.45,62.3,1994121.0,13978,60.692
2018-04-05,63.25,64.37,60.5,60.5,1714557.0,12318,62.054
2018-04-06,60.0,61.0,58.15,59.15,1545701.0,11338,59.317
2018-04-09,59.85,60.8,58.5,59.3,1295318.0,9200,59.819
2018-04-10,60.35,61.1,59.85,60.75,985079.0,7447,60.684
2018-04-11,60.75,63.95,60.75,63.5,1459969.0,10405,63.082
2018-04-12,63.85,65.55,63.45,64.25,1391177.0,8952,64.671
2018-04-13,64.2,64.7,62.75,64.3,1352711.0,8557,63.682
2018-04-16,58.9,60.5,57.1,58.48,5128549.0,28055,58.865
2018-04-17,59.4,63.25,59.35,61.95,2654044.0,16218,62.027
2018-04-18,61.75,63.25,60.5,63.05,1033886.0,7050,62.337
2018-04-19,61.6,61.8,59.75,60.05,1809965.0,11610,60.237
2018-04-20,60.05,60.5,58.77,58.85,1182478.0,8785,59.317
2018-04-23,59.55,60.1,53.5,54.45,5080945.0,27979,55.893
2018-04-24,54.8,56.25,53.45,55.45,2310688.0,14842,55.018
2018-04-25,55.7,56.4,50.15,51.2,3615348.0,21353,51.819
2018-04-26,51.5,52.65,50.85,51.8,1188734.0,7884,51.579
2018-04-27,52.15,52.75,50.05,50.2,1610051.0,9987,50.704
2018-04-30,50.75,51.85,50.45,50.45,1345140.0,8394,51.018
2018-05-01,50.3,52.95,50.27,52.65,2357928.0,16230,51.805
2018-05-02,59.0,61.75,56.9,58.5,4295053.0,23958,58.881
2018-05-03,57.75,59.15,57.15,58.6,1604256.0,10556,58.215
2018-05-04,58.65,60.1,58.4,58.95,1095232.0,7651,59.436
2018-05-07,59.25,62.25,59.05,61.45,1565099.0,10152,61.259
2018-05-08,61.35,63.55,61.2,63.55,1210950.0,8238,62.916
2018-05-09,63.6,63.83,62.27,63.65,1010986.0,6824,63.188
2018-05-10,63.65,64.1,62.82,63.35,1035158.0,6282,63.375
2018-05-11,63.05,63.9,62.35,63.1,949942.0,5992,63.142
2018-05-14,66.45,67.35,64.15,64.5,1684295.0,9849,65.527
2018-05-15,64.25,64.37,62.7,63.55,764781.0,5391,63.286
2018-05-16,63.3,64.15,63.0,63.65,762242.0,5274,63.604
2018-05-17,63.65,63.7,62.6,62.75,766074.0,5554,63.11
2018-05-18,62.85,62.85,61.95,62.4,791693.0,4712,62.458
2018-05-21,63.95,64.45,62.2,62.5,561774.0,3975,63.074
2018-05-22,62.75,64.46,62.75,63.25,608116.0,4463,63.699
2018-05-23,63.55,63.55,62.45,63.3,758035.0,4811,63.152
2018-05-24,63.0,63.3,61.6,62.3,726307.0,4844,62.481
2018-05-25,62.35,64.05,62.1,63.35,713907.0,4762,63.303
2018-05-29,63.0,64.45,62.05,62.95,1042251.0,7876,62.987
2018-05-30,63.15,63.15,59.2,59.9,1743727.0,10747,60.541
2018-05-31,59.9,60.55,58.11,58.75,1155703.0,7671,58.986
2018-06-01,59.5,61.85,59.35,61.3,1423246.0,9240,60.725
2018-06-04,61.7,61.85,59.6,60.6,1104605.0,7006,60.369
2018-06-05,60.7,62.83,59.75,60.8,1160047.0,7429,60.929
2018-06-06,61.75,62.8,60.55,61.35,1105055.0,7061,61.361
2018-06-07,61.95,62.65,59.5,61.1,1065186.0,7157,60.667
2018-06-08,59.65,59.85,57.3,59.0,1947206.0,11663,58.534
2018-06-11,58.7,59.7,58.35,59.0,598351.0,3828,58.919
2018-06-12,58.7,60.2,58.7,59.95,624654.0,4654,59.71
2018-06-13,59.9,60.48,58.65,58.9,698820.0,4405,59.402
2018-06-14,59.1,60.0,58.7,59.05,856694.0,5778,59.352
2018-06-15,57.7,58.2,56.6,57.0,1714195.0,8792,57.285
2018-06-18,56.25,57.75,55.5,57.35,670357.0,4969,56.909
2018-06-19,55.7,56.0,54.1,55.65,1320822.0,7969,55.118
2018-06-20,56.45,57.4,55.62,56.5,939043.0,5635,56.543
2018-06-21,58.6,59.49,57.82,58.05,1366750.0,8774,58.549
2018-06-22,58.6,58.95,56.15,57.7,1029841.0,6446,57.253
2018-06-25,56.5,57.15,55.05,55.15,1087075.0,7011,55.717
2018-06-26,55.55,57.9,55.36,57.1,917611.0,6780,57.004
2018-06-27,57.2,57.7,55.9,55.95,774224.0,5294,56.537
2018-06-28,56.25,57.0,55.15,56.75,862299.0,6058,56.144
2018-06-29,56.9,58.63,56.5,57.9,1416558.0,8932,58.046
2018-07-02,57.65,59.28,57.22,58.9,916960.0,6651,58.707
2018-07-03,58.75,58.89,55.0,55.05,2055745.0,12703,55.862
2018-07-05,56.25,56.6,55.3,56.3,1286622.0,8212,56.183
2018-07-06,56.45,58.1,55.15,57.95,965970.0,6495,57.127
2018-07-09,57.55,58.05,55.3,56.3,1661532.0,10791,56.311
2018-07-10,56.52,57.45,55.55,57.3,1043236.0,7362,56.723
2018-07-11,56.2,56.95,55.76,56.15,900058.0,5870,56.202
2018-07-12,56.85,59.05,56.38,58.45,1097260.0,7073,58.041
2018-07-13,58.2,60.6,58.2,58.85,1197830.0,7901,59.358
2018-07-16,59.1,59.61,57.3,57.85,934897.0,6278,58.054
2018-07-17,57.45,60.2,57.1,59.3,1099690.0,7380,59.259
2018-07-18,59.75,60.1,59.0,59.3,753293.0,5385,59.315
2018-07-19,59.55,60.8,59.2,59.4,1256830.0,6332,59.938
2018-07-20,56.15,56.44,53.2,54.4,4855797.0,23390,54.523
2018-07-23,54.15,56.3,51.1,54.4,3867628.0,20938,53.784
2018-07-24,54.95,55.0,52.2,53.15,2065033.0,12377,53.122
2018-07-25,53.1,53.85,52.5,53.55,813400.0,5912,53.344
2018-07-26,53.0,54.85,52.74,54.75,909125.0,6572,54.131
2018-07-27,54.85,55.3,52.9,53.2,1061508.0,7758,53.531
2018-07-30,53.3,53.45,52.0,52.1,1033506.0,7734,52.534
2018-07-31,52.0,53.35,51.55,52.25,1251523.0,8245,52.499
2018-08-01,54.0,55.6,53.35,53.45,1629778.0,9961,54.396
2018-08-02,53.2,54.45,52.85,53.5,1135348.0,7787,53.579
2018-08-03,54.2,55.18,54.0,54.85,1576400.0,11297,54.75
2018-08-06,54.9,56.25,54.32,56.1,964340.0,6766,55.471
2018-08-07,56.5,59.0,56.2,57.85,2837491.0,18986,57.878
2018-08-08,61.0,61.0,54.05,56.5,6738217.0,30876,56.276
2018-08-09,57.3,59.55,56.15,58.45,2353167.0,14733,58.336
2018-08-10,57.8,59.95,57.4,58.6,1532135.0,9388,58.94
2018-08-13,58.6,59.8,57.7,58.3,1175388.0,7985,58.513
2018-08-14,58.75,60.1,58.22,59.6,1039821.0,7342,59.379
2018-08-15,58.85,59.93,58.13,59.2,1276360.0,9124,58.938
2018-08-16,59.45,61.33,59.0,60.3,1223000.0,8060,60.324
2018-08-17,59.95,60.45,59.1,59.95,1160339.0,7848,59.895
2018-08-20,59.75,60.3,59.01,60.15,934951.0,6462,59.792
2018-08-21,60.5,62.4,60.5,61.85,1216871.0,7882,61.698
2018-08-22,61.8,63.4,61.8,63.15,1162138.0,7688,62.94
2018-08-23,63.15,64.79,63.05,64.6,1067137.0,7499,64.187
2018-08-24,64.95,65.4,64.0,65.1,1248738.0,7697,64.862
2018-08-27,65.45,66.73,64.3,66.4,1010094.0,7169,66.116
2018-08-28,66.8,68.25,66.15,68.15,1230763.0,8750,67.585
2018-08-29,68.15,69.25,67.8,68.8,1137195.0,7995,68.709
2018-08-30,68.85,69.95,68.05,68.4,1625305.0,11843,68.98
2018-08-31,68.5,68.95,67.8,67.9,1337954.0,10000,68.4
2018-09-04,67.95,69.33,67.6,67.9,1285530.0,9270,68.164
2018-09-05,68.5,68.85,66.1,68.1,1542172.0,9988,67.748
2018-09-06,68.0,68.25,64.7,64.9,1449957.0,10010,65.881
2018-09-07,64.85,67.95,64.6,65.8,1453940.0,10137,66.575
2018-09-10,65.9,65.9,64.95,65.15,776334.0,5844,65.3
2018-09-11,64.6,64.78,60.85,61.3,2120937.0,13279,61.814
2018-09-12,60.9,61.55,58.35,60.7,1982447.0,13248,59.996
2018-09-13,60.65,61.95,59.8,60.05,1323900.0,9169,60.413
2018-09-14,60.45,61.4,60.15,61.0,840951.0,6202,60.974
2018-09-17,61.15,61.65,59.9,60.95,785441.0,6021,60.927
2018-09-18,60.9,61.6,60.05,60.4,665562.0,5063,60.676
2018-09-19,60.75,61.0,59.65,60.25,576825.0,4162,60.23
2018-09-20,60.55,63.25,60.32,63.15,1392314.0,9068,62.368
2018-09-21,63.15,63.45,61.15,61.5,908552.0,5485,62.066
2018-09-24,61.4,62.45,61.05,62.15,658677.0,4689,62.005
2018-09-25,62.45,63.1,61.8,62.6,484271.0,3760,62.465
2018-09-26,62.85,63.05,60.76,61.25,959597.0,6143,61.405
2018-09-27,60.9,61.85,60.4,61.25,547120.0,4050,61.253
2018-09-28,60.95,61.25,59.15,59.95,1222227.0,7748,59.886
2018-10-01,60.6,60.64,59.85,60.14,725259.0,4669,60.251
2018-10-02,60.15,61.35,59.89,60.21,607730.0,3753,60.608
2018-10-03,60.44,61.83,60.05,61.16,544645.0,3485,61.145
2018-10-04,60.83,61.0,58.79,59.36,945384.0,6384,59.455
2018-10-05,58.9,58.9,53.64,54.92,2737348.0,16675,55.124
2018-10-08,54.98,56.48,54.3,55.99,1692873.0,12106,55.538
2018-10-09,55.67,57.52,55.49,57.26,1078560.0,7749,56.996
2018-10-10,57.25,57.45,55.4,55.58,1984820.0,12366,56.416
2018-10-11,56.87,58.76,56.0,56.94,1631345.0,10787,57.425
2018-10-12,59.1,59.9,57.1,58.3,1191980.0,8372,58.033
2018-10-15,57.75,59.12,57.09,58.44,642539.0,5152,58.293
2018-10-16,58.64,62.56,58.62,61.93,1351660.0,9291,61.179
2018-10-17,62.22,63.31,61.06,62.36,909606.0,6472,62.385
2018-10-18,61.99,63.34,61.6,62.22,916547.0,6219,62.484
2018-10-19,62.59,63.47,61.64,62.08,906095.0,6189,62.446
2018-10-22,62.21,63.95,57.2,59.11,3149778.0,18363,60.136
2018-10-23,56.0,58.78,54.04,57.84,2511769.0,15554,56.419
2018-10-24,58.27,58.27,53.44,53.45,1792358.0,11820,55.011
2018-10-25,53.85,56.54,53.51,55.53,1464632.0,10672,55.663
2018-10-26,54.03,56.63,54.03,55.52,1135082.0,8274,55.373
2018-10-29,56.77,57.19,52.1,53.04,1226902.0,8413,54.103
2018-10-30,52.9,54.83,52.5,54.78,979089.0,6785,53.831
2018-10-31,55.95,56.5,54.5,54.65,1891634.0,12851,55.471
2018-11-01,56.36,58.33,54.33,56.32,4323779.0,25680,55.96
2018-11-02,55.24,56.16,51.66,52.34,2862093.0,18095,53.01
2018-11-05,52.62,53.56,51.35,53.37,1455928.0,10250,52.539
2018-11-06,53.53,56.04,53.38,55.1,1424155.0,9136,55.038
2018-11-07,55.49,57.47,55.09,56.92,867492.0,5934,56.489
2018-11-08,56.95,58.89,56.7,58.32,1061502.0,7257,58.112
2018-11-09,58.29,58.4,55.24,55.95,1989134.0,13223,56.11
2018-11-12,44.02,44.44,37.0,37.5,16151011.0,59454,39.11
2018-11-13,37.96,41.09,37.75,38.95,7597056.0,34337,39.804
2018-11-14,39.2,39.87,38.42,38.85,2609991.0,16044,39.143
2018-11-15,38.87,41.1,38.85,41.08,2201867.0,13065,39.941
2018-11-16,40.72,42.25,40.26,41.52,1539534.0,10406,41.429
2018-11-19,40.39,40.5,38.12,39.44,1736371.0,11742,39.219
2018-11-20,37.6,41.13,37.29,39.93,1236529.0,7850,39.81
2018-11-21,41.14,41.47,40.1,40.28,1163323.0,7206,40.578
2018-11-23,39.65,40.49,39.56,39.85,592595.0,3823,40.073
2018-11-26,41.0,43.23,40.44,43.06,2193640.0,11380,42.025
2018-11-27,42.6,43.88,41.82,42.81,1345006.0,9584,42.946
2018-11-28,43.6,44.24,42.34,44.21,1208403.0,7296,43.64
2018-11-29,44.1,44.9,43.37,44.39,1242581.0,7822,44.231
2018-11-30,44.06,44.6,43.36,44.47,894162.0,5702,43.865
2018-12-03,47.0,47.93,46.0,47.77,1951725.0,13011,47.153
2018-12-04,46.85,47.26,44.53,45.12,1454308.0,10341,45.459
2018-12-06,42.98,45.1,42.4,44.73,2739037.0,17792,43.783
2018-12-07,44.21,44.91,41.19,41.91,1818147.0,13304,42.376
2018-12-10,41.8,43.79,40.64,43.4,2049992.0,14176,42.395
2018-12-11,44.29,45.48,43.39,44.17,1780937.0,11566,44.538
2018-12-12,45.0,45.45,44.06,44.86,1290207.0,9773,44.803
2018-12-13,45.65,45.72,43.33,43.86,926790.0,6789,44.166
2018-12-14,43.59,44.55,43.28,43.46,1072569.0,7056,43.877
2018-12-17,43.47,44.41,42.27,42.83,1211541.0,7715,43.227
2018-12-18,43.34,43.84,41.87,42.22,1260031.0,9426,42.666
2018-12-19,41.94,43.31,41.28,41.72,915589.0,6478,42.362
2018-12-20,41.1,42.52,40.09,40.83,1275050.0,8804,40.968
2018-12-21,40.85,41.32,37.31,37.98,2165263.0,11770,38.905
2018-12-24,37.67,38.6,37.31,37.55,656556.0,3696,37.976
2018-12-26,37.95,40.14,37.5,40.1,1245888.0,8368,38.934
2018-12-27,39.42,40.76,38.7,40.67,961729.0,6777,39.724
2018-12-28,41.0,42.42,40.24,41.57,1017475.0,7161,41.446
2018-12-31,42.0,42.25,40.79,42.01,711285.0,4847,41.492
2019-01-02,41.28,43.18,40.58,42.59,789414.0,5470,42.385
2019-01-03,39.09,40.41,38.73,39.01,2095369.0,13271,39.421
2019-01-04,39.93,41.91,39.7,41.79,1166519.0,7676,41.168
2019-01-07,41.84,42.25,40.91,42.23,850738.0,5465,41.882
2019-01-08,42.9,43.77,42.25,43.46,934917.0,6162,43.085
2019-01-09,43.5,45.44,43.4,44.75,1333689.0,8381,44.664
2019-01-10,44.59,45.96,44.32,45.09,936959.0,5973,45.311
2019-01-11,44.83,45.93,44.56,45.73,779175.0,5856,45.424
2019-01-14,45.39,45.71,44.33,45.35,788902.0,5053,45.102
2019-01-15,45.53,46.26,45.2,45.91,1040400.0,5623,45.879
2019-01-16,45.93,46.25,45.45,45.69,710905.0,4788,45.881
2019-01-17,45.59,46.46,45.4,46.0,863076.0,5201,45.835
2019-01-18,46.1,47.32,45.61,47.03,1095923.0,5678,46.75
2019-01-22,46.89,47.0,45.03,45.33,627407.0,4177,45.627
2019-01-23,45.5,46.14,45.26,46.0,584172.0,4273,45.722
2019-01-24,46.18,47.78,46.16,47.74,886972.0,6076,47.204
2019-01-25,48.26,49.16,48.08,49.04,696750.0,4117,48.767
2019-01-28,48.1,48.98,46.71,47.31,1026222.0,6578,47.819
2019-01-29,47.29,47.53,44.3,44.36,1356420.0,8626,45.24
2019-01-30,45.68,47.33,44.9,46.84,1690205.0,10605,46.151
2019-01-31,47.33,49.31,47.1,48.91,1612973.0,9116,48.571
2019-02-01,49.15,51.09,48.65,49.92,1897979.0,12437,50.248
2019-02-04,50.05,50.84,49.34,49.64,1908574.0,12956,50.016
2019-02-05,48.58,48.9,46.34,47.25,3144316.0,17735,47.373
2019-02-06,47.72,48.25,46.37,46.75,1510754.0,9223,47.141
2019-02-07,46.08,46.2,42.07,42.71,3301928.0,19613,43.129
2019-02-08,42.18,42.72,41.1,42.33,2143493.0,13022,41.989
2019-02-11,42.58,44.32,41.7,44.25,1997650.0,12804,43.154
2019-02-12,44.51,45.84,43.78,44.44,1990926.0,11386,44.729
2019-02-13,44.8,46.21,44.67,45.52,1488612.0,9260,45.529
2019-02-14,45.55,46.22,45.22,45.75,1309498.0,8604,45.731
2019-02-15,45.95,46.74,45.48,46.65,953768.0,6509,46.31
2019-02-19,46.48,47.24,46.28,46.89,965595.0,6143,46.818
2019-02-20,46.89,48.65,46.89,48.07,1091691.0,6978,48.145
2019-02-21,48.03,48.72,47.1,47.53,764677.0,5483,47.604
2019-02-22,47.82,50.79,47.53,50.61,1652934.0,11261,50.077
2019-02-25,51.0,52.12,50.91,51.24,1277234.0,8373,51.548
2019-02-26,51.0,52.07,50.7,50.84,1483599.0,9435,51.227
2019-02-27,50.62,50.85,49.73,50.61,774387.0,5314,50.367
2019-02-28,50.43,50.6,49.68,49.75,672159.0,4380,49.938
2019-03-01,50.32,51.73,49.97,50.01,827312.0,5955,50.556
2019-03-04,51.25,51.61,50.02,50.76,1088763.0,7437,50.881
2019-03-05,50.68,51.08,47.5,47.81,1678579.0,9275,48.662
2019-03-06,47.95,48.38,46.3,46.89,1261561.0,8181,46.878
2019-03-07,46.9,47.34,45.96,46.33,1001435.0,5885,46.603
2019-03-08,45.7,46.9,45.17,46.86,1511671.0,8779,46.222
2019-03-11,47.34,49.56,47.14,49.56,1251867.0,7587,48.739
2019-03-12,49.62,50.6,49.1,50.05,1061029.0,7132,50.005
2019-03-13,50.97,51.74,50.81,51.5,1782204.0,10470,51.466
2019-03-14,51.66,51.96,50.95,51.37,1223567.0,7384,51.375
2019-03-15,51.7,53.66,51.5,53.5,1749556.0,10037,53.038
2019-03-18,53.38,53.95,51.88,52.68,1151060.0,7569,52.86
2019-03-19,52.8,53.1,50.88,51.24,1038542.0,5953,52.058
2019-03-20,51.34,51.49,49.6,49.66,1170876.0,6956,50.517
2019-03-21,49.66,52.21,49.46,52.1,1686857.0,8659,51.239
2019-03-22,53.92,54.34,51.84,52.84,2503719.0,14132,52.857
2019-03-25,52.58,53.2,51.26,51.9,1552615.0,9833,52.072
2019-03-26,52.76,53.84,52.13,53.41,1139546.0,6598,53.028
2019-03-27,54.96,56.18,53.94,54.88,1737925.0,10596,54.78
2019-03-28,54.97,55.75,54.05,55.17,1257078.0,7726,55.036
2019-03-29,55.94,56.95,55.61,56.54,2146664.0,11970,56.403
2019-04-01,57.06,57.98,56.76,57.6,1551103.0,10297,57.454
2019-04-02,57.49,58.2,56.5,57.9,1172236.0,8107,57.604
2019-04-03,58.05,59.58,57.95,58.59,1497368.0,8555,58.773
2019-04-04,58.8,59.11,57.73,59.05,710956.0,4632,58.443
2019-04-05,59.14,59.73,58.55,58.71,751840.0,4784,59.046
2019-04-08,58.4,59.12,57.55,59.11,800013.0,5548,58.482
2019-04-09,59.11,59.39,58.59,59.05,1021147.0,6481,59.091
2019-04-10,59.19,60.08,58.5,59.89,684550.0,4524,59.697
2019-04-11,59.8,60.15,58.6,58.89,620320.0,3771,59.309
2019-04-12,60.06,61.0,59.53,60.65,1160972.0,7012,60.489
2019-04-15,60.59,60.83,59.77,60.73,717547.0,4460,60.432
2019-04-16,61.24,61.55,59.95,60.73,1064165.0,6469,60.624
2019-04-17,61.36,61.61,60.11,60.14,852365.0,4973,60.724
2019-04-18,60.27,61.11,59.4,60.75,862729.0,6224,60.513
2019-04-22,60.46,61.28,60.07,60.25,813618.0,5740,60.666
2019-04-23,60.8,62.17,60.64,62.09,1241385.0,7056,61.437
2019-04-24,62.09,62.7,61.15,61.81,547416.0,3932,62.035
2019-04-25,61.74,61.74,59.66,60.62,693914.0,5132,60.559
2019-04-26,60.02,60.31,58.69,60.19,1019910.0,7072,59.773
2019-04-29,60.03,61.43,59.8,60.91,583120.0,4008,60.904
2019-04-30,62.51,62.92,60.09,61.97,1204969.0,7630,61.572
2019-05-01,62.95,63.94,61.81,61.88,1067950.0,5955,62.761
2019-05-02,61.52,63.62,61.52,62.59,913519.0,6077,62.646
2019-05-03,62.6,63.87,62.0,63.74,841603.0,5977,63.279
2019-05-06,61.3,62.58,60.31,61.39,1738468.0,10737,61.589
2019-05-07,59.0,62.73,57.79,60.26,2646581.0,16967,60.105
2019-05-08,60.62,61.16,59.01,59.91,1235735.0,9063,59.974
2019-05-09,58.85,59.67,57.7,59.4,1192668.0,8303,58.876
2019-05-10,58.64,59.67,56.93,59.13,1192660.0,8175,58.324
2019-05-13,56.8,57.23,55.22,55.46,1406699.0,9343,55.97
2019-05-14,56.39,57.82,55.76,57.35,1060323.0,7221,57.184
2019-05-15,56.13,57.83,55.64,56.75,947011.0,6165,56.929
2019-05-16,53.98,54.03,50.14,50.2,4282506.0,23234,51.839
2019-05-17,49.27,49.53,46.05,46.32,3503482.0,20892,47.75
2019-05-20,44.49,46.25,44.0,44.42,3077407.0,19731,44.95
2019-05-21,47.1,48.62,45.88,46.16,2973711.0,16726,46.861
2019-05-22,45.91,46.83,45.21,45.27,1438415.0,8968,45.892
2019-05-23,44.4,45.57,44.04,44.15,1166214.0,7331,44.646
2019-05-24,44.72,45.3,44.2,44.41,633528.0,4343,44.608
2019-05-28,44.45,44.63,41.96,42.91,1543710.0,9660,42.876
2019-05-29,42.16,42.82,41.68,42.05,1274762.0,8622,42.106
2019-05-30,42.38,43.54,41.81,42.13,1059358.0,6403,42.503
2019-05-31,41.07,41.5,40.28,40.47,998613.0,6599,40.799
2019-06-03,40.34,41.86,40.29,41.26,1167155.0,7576,41.232
2019-06-04,42.08,43.98,42.0,43.87,1505413.0,9830,43.266
2019-06-05,44.31,44.6,41.76,43.06,868869.0,5546,42.916
2019-06-06,44.18,44.81,43.51,44.44,1414053.0,6687,44.169
2019-06-07,44.79,45.6,44.17,44.99,879253.0,5181,45.141
2019-06-10,45.7,47.15,45.62,46.2,1202774.0,8011,46.475
2019-06-11,47.0,47.6,46.5,46.64,1111994.0,7854,47.023
2019-06-12,46.52,46.55,44.89,46.22,862184.0,5428,45.756
2019-06-13,46.82,47.14,45.9,46.96,655811.0,4273,46.603
2019-06-14,46.15,46.52,45.37,46.13,557813.0,3323,46.146
2019-06-17,46.28,48.32,46.27,47.77,899563.0,5663,47.731
2019-06-18,48.46,50.47,48.42,49.42,1155901.0,6535,49.718
2019-06-19,49.55,49.98,48.89,49.7,530898.0,3629,49.543
2019-06-20,50.59,50.65,49.28,49.59,746475.0,4212,49.923
2019-06-21,48.85,49.55,47.93,49.37,1011054.0,5762,48.837
2019-06-24,49.75,50.81,49.42,50.78,802685.0,5415,50.276
2019-06-25,50.85,51.09,47.75,48.3,1615003.0,9379,49.388
2019-06-26,49.39,51.3,49.14,50.86,983192.0,6030,50.732
2019-06-27,51.0,52.79,50.56,52.43,1415548.0,8758,51.927
2019-06-28,52.6,53.75,52.04,53.41,1403904.0,9841,52.931
2019-07-01,57.83,58.23,53.85,54.47,2366353.0,13331,55.045
2019-07-02,54.4,54.4,53.54,53.86,810596.0,5823,53.853
2019-07-03,53.76,53.99,51.98,53.83,764786.0,4719,52.985
2019-07-05,53.3,53.44,52.27,53.15,634496.0,4717,52.784
2019-07-08,52.61,52.79,51.43,51.65,780478.0,4983,51.897
2019-07-09,52.55,52.68,49.83,52.6,2445130.0,13887,51.073
2019-07-10,53.25,53.5,51.88,52.13,1156875.0,5588,52.555
2019-07-11,52.18,53.37,51.98,53.02,680388.0,4103,52.979
2019-07-12,53.26,54.46,53.06,53.85,1066166.0,5726,53.91
2019-07-15,54.09,54.29,53.29,53.67,395084.0,2525,53.631
2019-07-16,53.66,54.99,53.21,54.04,926835.0,6084,54.27
2019-07-17,54.25,55.96,54.14,54.84,997148.0,6755,55.325
2019-07-18,54.6,55.25,54.11,54.5,811499.0,5031,54.512
2019-07-19,54.61,54.82,53.73,53.75,920977.0,5944,54.295
2019-07-22,54.27,54.96,53.75,54.54,1148694.0,7640,54.518
2019-07-23,56.1,57.75,56.0,57.32,2127907.0,11798,56.899
2019-07-24,56.86,58.53,56.65,58.49,972506.0,6264,57.771
2019-07-25,58.49,59.2,57.62,58.54,955762.0,4637,58.596
2019-07-26,59.17,59.42,58.52,58.9,943879.0,5406,58.833
2019-07-29,58.82,59.0,57.79,58.65,679550.0,3999,58.472
2019-07-30,57.97,59.03,57.29,58.77,875002.0,5884,58.239
2019-07-31,59.2,59.2,55.92,56.63,1333854.0,8493,57.762
2019-08-01,56.96,58.36,55.2,55.88,1157894.0,8197,56.673
2019-08-02,54.23,55.3,53.78,54.13,912919.0,6530,54.4
2019-08-05,52.42,52.64,50.92,51.56,1403868.0,10083,51.55
2019-08-06,52.83,53.99,52.18,53.56,1061900.0,7311,53.077
2019-08-07,52.55,55.06,52.34,54.96,1315345.0,8614,54.106
2019-08-08,60.0,61.01,58.57,60.64,3790989.0,22114,59.799
2019-08-09,58.4,61.68,58.3,59.71,1817007.0,12996,59.569
2019-08-12,59.18,59.66,56.85,57.57,966467.0,6855,58.383
2019-08-13,57.22,60.22,56.36,59.47,928168.0,6963,59.464
2019-08-14,57.5,58.92,57.48,57.92,821201.0,5866,58.183
2019-08-15,58.29,58.29,56.58,57.12,592440.0,4345,57.349
2019-08-16,57.92,59.15,57.41,58.61,676734.0,4554,58.674
2019-08-19,60.03,61.43,59.54,60.32,948914.0,6604,60.361
2019-08-20,59.95,61.02,59.64,59.9,574323.0,4197,60.299
2019-08-21,60.32,60.6,59.28,59.71,518149.0,3524,59.815
2019-08-22,59.99,60.49,58.68,58.72,652783.0,4531,59.555
2019-08-23,58.49,58.49,54.91,55.82,1309178.0,9305,56.173
2019-08-26,56.71,56.79,55.51,56.09,668260.0,5127,56.037
2019-08-27,56.47,56.47,53.8,53.97,675210.0,4206,54.576
2019-08-28,53.8,55.05,53.17,54.73,630204.0,4977,54.322
2019-08-29,55.69,57.06,55.53,56.17,811352.0,5725,56.573
2019-08-30,56.48,56.74,55.31,55.76,602251.0,4433,55.82
2019-09-03,55.31,56.16,54.9,55.1,347737.0,2652,55.302
2019-09-04,56.69,57.0,55.71,55.91,511494.0,3529,56.287
2019-09-05,56.9,58.14,56.5,57.05,726974.0,5171,57.261
2019-09-06,57.45,58.48,57.2,57.66,660541.0,5068,57.854
2019-09-09,58.0,58.82,57.49,58.0,969542.0,5371,58.116
2019-09-10,57.62,57.93,56.3,57.14,1122931.0,7586,57.266
2019-09-11,57.87,60.8,57.34,60.7,1186030.0,7190,59.607
2019-09-12,61.3,61.7,60.01,60.79,915789.0,6255,60.829
2019-09-13,60.67,61.02,58.98,59.0,770921.0,5627,60.049
2019-09-16,58.26,60.15,58.15,59.22,967632.0,6021,59.452
2019-09-17,59.33,59.53,57.74,58.86,768084.0,4485,58.832
2019-09-18,58.63,59.13,57.82,58.48,734138.0,4731,58.51
2019-09-19,58.98,59.63,58.3,58.45,397352.0,2733,58.974
2019-09-20,58.77,60.9,58.19,58.84,1406536.0,7823,59.361
2019-09-23,58.67,58.86,56.52,57.72,748539.0,4519,57.418
2019-09-24,57.45,57.99,54.18,54.69,1484683.0,9305,55.449
2019-09-25,54.39,56.99,54.39,56.35,740570.0,4913,55.721
2019-09-26,56.25,56.4,55.1,55.89,486506.0,3555,55.946
2019-09-27,55.06,55.42,52.34,52.79,1172025.0,6984,53.571
2019-09-30,53.3,54.03,53.06,53.56,740433.0,4622,53.641
2019-10-01,53.73,54.21,51.23,51.25,668883.0,3932,52.295
2019-10-02,50.52,50.72,49.08,50.11,843016.0,5953,49.799
2019-10-03,49.81,50.01,48.44,48.77,1467189.0,9336,49.073
2019-10-04,49.73,51.81,49.73,51.59,1704850.0,8998,51.137
2019-10-07,51.18,53.27,51.16,52.79,892012.0,4723,52.5
2019-10-08,51.95,52.81,51.28,51.62,1042253.0,5047,52.033
2019-10-09,51.86,52.46,51.67,51.89,334382.0,2473,52.06
2019-10-10,51.88,52.95,51.66,51.91,429757.0,2999,52.256
2019-10-11,53.0,54.6,52.73,53.82,843374.0,5216,53.633
2019-10-14,53.77,54.39,52.94,53.24,479461.0,2741,53.435
2019-10-15,53.34,55.06,53.34,54.4,402893.0,3062,54.554
2019-10-16,54.38,54.61,52.83,53.0,844036.0,5059,53.567
2019-10-17,53.89,55.21,53.48,55.1,1045205.0,4833,54.492
2019-10-18,54.6,55.4,54.05,54.86,581476.0,3291,54.834
2019-10-21,55.55,56.07,55.02,55.59,762926.0,3613,55.741
2019-10-22,55.53,56.08,54.96,55.02,433593.0,2818,55.633
2019-10-23,54.71,55.4,54.06,55.14,493265.0,2994,55.018
2019-10-24,55.59,55.62,54.53,54.87,418438.0,2886,55.049
2019-10-25,55.4,56.67,55.1,56.35,714652.0,4526,55.996
2019-10-28,56.87,57.67,56.51,57.16,1123478.0,5562,57.104
2019-10-29,57.18,57.3,56.07,56.57,738900.0,4336,56.52
2019-10-30,56.51,57.4,55.62,57.2,1115135.0,6943,56.513
2019-10-31,60.96,62.91,59.67,62.66,3976925.0,22159,61.641
2019-11-01,63.48,65.68,63.36,65.17,1958564.0,12245,64.679
2019-11-04,65.6,65.68,63.8,64.66,1393986.0,10016,64.553
2019-11-05,64.27,66.58,64.13,65.85,1366381.0,7163,65.964
2019-11-06,65.91,65.91,64.64,65.42,718575.0,4081,65.291
2019-11-07,65.85,66.5,65.02,65.72,942117.0,6631,65.703
2019-11-08,65.56,66.54,65.03,66.53,648898.0,4660,65.996
2019-11-11,64.5,66.94,63.77,66.65,1136373.0,7453,65.894
2019-11-12,66.7,67.97,66.6,67.7,879044.0,5741,67.4
2019-11-13,67.01,67.92,66.87,67.81,745418.0,5387,67.483
2019-11-14,67.17,68.49,66.78,67.99,756697.0,4546,67.817
2019-11-15,68.2,69.09,67.27,68.9,1058070.0,6238,68.421
2019-11-18,68.54,69.28,67.2,68.91,655562.0,4257,68.692
2019-11-19,68.98,69.41,68.19,69.25,623925.0,3900,68.971
2019-11-20,68.53,69.47,66.94,68.28,672573.0,3995,68.046
2019-11-21,68.5,68.6,67.0,67.15,869584.0,4714,67.619
2019-11-22,67.29,68.48,66.96,68.19,636419.0,3673,67.874
2019-11-25,68.42,71.01,68.42,70.89,869743.0,5410,70.186
2019-11-26,70.97,72.33,70.3,72.28,826666.0,5069,71.827
2019-11-27,72.28,74.04,72.14,73.91,917131.0,4527,73.29
2019-11-29,73.44,74.54,73.23,73.66,690535.0,3797,73.799
2019-12-02,74.0,74.41,73.09,74.06,1042058.0,6933,73.864
2019-12-03,71.97,72.38,70.84,71.74,1158750.0,7331,71.574
2019-12-04,72.85,74.34,72.55,72.59,948501.0,5252,73.19
2019-12-05,73.11,73.15,71.88,72.11,371884.0,2933,72.28
2019-12-06,73.0,73.43,71.96,72.08,492684.0,3542,72.417
2019-12-09,71.46,71.89,69.11,69.68,1135655.0,7717,70.018
2019-12-10,69.79,70.35,68.26,68.93,2381902.0,13098,68.924
2019-12-11,68.73,70.03,68.25,69.81,1640614.0,8864,69.154
2019-12-12,70.73,75.33,70.22,75.03,2097790.0,11741,73.374
2019-12-13,74.28,76.17,74.18,74.43,1026878.0,6047,74.878
2019-12-16,75.62,77.17,75.04,75.49,1089563.0,6971,76.189
2019-12-17,75.76,76.28,75.05,75.65,756605.0,5065,75.801
2019-12-18,75.37,76.12,73.95,75.99,939414.0,5500,75.195
2019-12-19,76.87,78.56,76.02,78.44,852304.0,5291,77.586
2019-12-20,78.8,78.99,77.3,78.63,765363.0,3607,78.32
2019-12-23,79.01,79.71,78.18,78.8,433940.0,3198,78.981
2019-12-24,79.38,79.42,78.39,78.79,171558.0,1243,78.933
2019-12-26,79.27,79.79,78.62,79.55,444435.0,2602,79.309
2019-12-27,79.79,80.2,78.83,79.01,385895.0,2458,79.415
2019-12-30,79.19,80.3,78.25,79.6,598577.0,3845,79.551
2019-12-31,79.21,80.52,79.04,79.3,512760.0,3827,79.805
2020-01-02,81.25,82.71,79.9,82.7,1429472.0,8766,81.301
2020-01-03,81.5,82.7,80.92,81.9,655036.0,4286,81.746
2020-01-06,80.73,81.48,80.12,80.59,731880.0,4790,80.812
2020-01-07,80.72,82.29,80.34,81.97,597818.0,4030,81.535
2020-01-08,81.79,83.9,81.78,82.96,695883.0,4562,83.121
2020-01-09,83.51,84.49,80.77,81.5,1007132.0,6538,82.324
2020-01-10,80.53,80.7,79.17,80.19,1293500.0,8049,79.822
2020-01-13,80.56,81.18,80.21,80.6,565424.0,4091,80.606
2020-01-14,80.87,80.87,79.07,79.68,784330.0,5481,79.683
2020-01-15,80.03,80.5,75.51,75.89,2493799.0,15660,76.82
2020-01-16,76.97,77.95,76.75,77.75,1073667.0,7030,77.446
2020-01-17,78.57,78.87,76.41,76.96,909264.0,6054,77.337
2020-01-21,76.28,78.78,76.28,78.08,604249.0,4393,78.031
2020-01-22,78.55,80.52,78.51,78.84,1017837.0,5806,79.424
2020-01-23,78.69,79.36,77.81,79.01,700560.0,4521,78.825
2020-01-24,79.9,80.41,77.57,78.46,954916.0,6219,79.065
2020-01-27,76.26,77.36,75.58,75.89,507504.0,3591,76.353
2020-01-28,76.47,78.63,76.4,77.74,545459.0,3915,77.988
2020-01-29,79.66,80.68,77.53,77.6,984366.0,6104,78.601
2020-01-30,76.62,77.85,75.8,77.64,1087779.0,7468,76.783
2020-01-31,77.08,77.48,75.61,75.77,843941.0,6122,76.217
2020-02-03,76.32,77.96,76.22,77.22,1585436.0,8507,76.981
2020-02-04,82.5,86.88,80.31,86.52,3460466.0,19383,84.409
2020-02-05,87.94,89.17,84.06,87.15,2310179.0,14446,87.006
2020-02-06,87.59,89.57,87.32,88.34,1307754.0,9330,88.617
2020-02-07,87.74,88.34,86.41,87.3,984812.0,6279,87.409
2020-02-10,86.23,89.73,85.76,88.98,1081123.0,7638,87.908
2020-02-11,89.8,92.75,89.57,91.11,1417657.0,8429,91.556
2020-02-12,92.04,93.23,91.29,92.85,1006236.0,5597,92.329
2020-02-13,91.4,93.13,90.28,90.44,1091287.0,6609,91.43
2020-02-14,90.61,90.79,86.68,87.0,1083203.0,7177,87.994
2020-02-18,84.5,86.71,83.51,84.68,1157555.0,7250,84.715
2020-02-19,85.63,87.83,85.43,87.22,847391.0,5563,86.975
2020-02-20,86.7,88.14,85.0,86.3,874425.0,5888,86.119
2020-02-21,85.57,85.73,82.16,83.14,850499.0,5608,83.439
2020-02-24,78.15,81.05,77.0,80.0,1383745.0,9679,79.493
2020-02-25,80.6,81.35,77.64,77.8,1167998.0,7805,78.788
2020-02-26,78.13,79.77,76.78,77.53,766583.0,5597,78.135
2020-02-27,74.89,77.79,73.12,74.8,1255207.0,8619,75.496
2020-02-28,71.26,78.0,71.16,77.82,1860867.0,13053,75.199
2020-03-02,78.95,82.33,77.52,82.24,1660329.0,11581,80.153
2020-03-03,82.47,85.23,79.11,80.54,1048610.0,6782,81.76
2020-03-04,82.53,85.32,81.94,85.19,949492.0,6880,83.762
2020-03-05,82.58,87.94,82.01,87.0,1878655.0,10634,86.173
2020-03-06,83.71,84.24,80.14,82.45,1553981.0,11033,81.93
2020-03-09,76.01,77.81,72.58,73.44,1405693.0,8314,75.072
2020-03-10,76.39,77.96,73.22,77.7,1205214.0,8805,75.36
2020-03-11,75.09,76.84,70.6,71.84,1041224.0,7776,73.102
2020-03-12,66.53,72.56,65.0,66.82,1580541.0,11570,67.398
2020-03-13,70.81,72.28,66.91,72.25,1321194.0,9960,69.445
2020-03-16,63.85,69.38,61.87,64.14,1046957.0,7546,65.966
2020-03-17,65.74,73.42,62.43,73.4,1214729.0,8636,69.923
2020-03-18,68.57,72.64,59.06,63.44,1631755.0,11093,64.131
2020-03-19,63.4,69.95,60.55,65.57,1040304.0,7188,66.608
2020-03-20,66.27,72.17,61.75,62.14,1758057.0,9001,66.244
2020-03-23,62.91,67.71,60.75,66.76,956291.0,6780,65.095
2020-03-24,70.8,73.33,68.92,72.58,865732.0,6574,71.446
2020-03-25,72.36,78.22,70.2,75.05,1109336.0,7866,75.108
2020-03-26,76.45,77.97,69.2,71.3,1553461.0,10114,72.175
2020-03-27,69.0,72.77,67.17,70.0,992823.0,6296,69.794
2020-03-30,71.11,75.5,70.21,74.09,878027.0,6494,73.717
2020-03-31,73.95,75.0,71.77,73.7,759631.0,4498,73.405
2020-04-01,71.17,72.1,68.08,68.61,748537.0,4913,69.674
2020-04-02,67.94,71.6,67.75,70.16,587821.0,3575,69.636
2020-04-03,69.56,70.89,66.31,66.86,472685.0,3308,67.731
2020-04-06,69.71,75.08,69.0,74.8,1179817.0,7085,72.728
2020-04-07,76.81,78.3,74.59,74.85,900969.0,5848,76.484
2020-04-08,76.08,79.96,74.5,77.65,644357.0,4612,77.519
2020-04-09,79.94,81.89,78.0,79.2,929772.0,5633,79.872
2020-04-13,79.11,79.89,77.42,78.48,466280.0,3592,78.517
2020-04-14,81.38,82.38,80.06,81.34,730610.0,4712,81.377
2020-04-15,79.01,79.81,76.9,77.04,769721.0,5061,77.792
2020-04-16,77.5,79.56,77.37,78.93,638430.0,4612,78.415
2020-04-17,79.78,81.11,74.85,75.25,939413.0,5663,76.532
2020-04-20,73.5,77.0,73.25,76.1,586653.0,3898,75.839
2020-04-21,74.44,75.95,72.63,74.8,501135.0,3436,74.42
2020-04-22,77.16,77.62,74.61,75.0,533625.0,4172,75.229
2020-04-23,75.86,78.61,74.76,76.86,657972.0,4638,77.235
2020-04-24,77.2,78.72,75.97,78.68,437688.0,3003,77.657
2020-04-27,79.24,81.7,79.18,81.11,628365.0,4292,80.744
2020-04-28,82.57,83.95,79.87,80.46,880814.0,6136,81.605
2020-04-29,83.28,85.14,82.19,84.41,856430.0,5315,84.079
2020-04-30,84.13,84.13,79.83,80.91,738829.0,5121,81.42
2020-05-01,79.23,80.43,76.01,77.45,884870.0,6290,77.564
2020-05-04,77.36,79.17,76.5,78.34,956328.0,6164,78.06
2020-05-05,77.25,84.17,77.02,82.04,1720252.0,10268,82.125
2020-05-06,82.5,82.95,79.0,80.46,891781.0,5977,81.02
2020-05-07,81.61,81.99,79.32,79.62,724330.0,4517,80.245
2020-05-08,81.48,81.49,79.81,81.21,1056943.0,6758,80.612
2020-05-11,80.12,82.75,79.55,80.8,1010552.0,7029,81.271
2020-05-12,79.85,80.44,76.82,77.21,2012345.0,12619,78.309
2020-05-13,77.24,78.75,72.66,73.45,1415409.0,9730,74.879
2020-05-14,72.0,73.7,70.05,73.19,1281413.0,7972,71.905
2020-05-15,69.34,69.89,66.33,67.73,3341787.0,18361,67.239
2020-05-18,69.72,71.7,69.05,71.26,1364757.0,9154,70.436
2020-05-19,70.79,76.49,70.43,74.4,1750451.0,9793,74.531
2020-05-20,75.52,76.44,73.63,74.34,799036.0,5369,74.84
2020-05-21,74.51,75.5,71.37,71.72,1124780.0,6965,72.402
2020-05-22,72.9,74.24,71.67,73.56,1017496.0,6250,73.201
2020-05-26,75.74,76.33,74.16,74.49,712282.0,5288,75.275
2020-05-27,75.44,75.62,70.54,73.83,855667.0,5766,72.361
2020-05-28,74.63,74.82,72.1,72.29,625291.0,4322,73.554
2020-05-29,72.7,73.62,70.58,73.32,772071.0,5526,71.865
2020-06-01,73.44,74.51,72.31,74.31,673974.0,4540,73.598
2020-06-02,74.76,75.79,72.16,73.89,844200.0,4972,73.621
2020-06-03,74.63,78.88,74.48,78.12,1175971.0,6952,77.091
2020-06-04,78.34,78.66,75.99,76.5,635916.0,4452,77.161
2020-06-05,78.71,80.97,77.88,79.57,974964.0,6710,79.913
2020-06-08,79.99,80.36,77.08,78.15,710316.0,4842,78.091
2020-06-09,77.47,79.47,76.36,78.54,604710.0,4240,78.398
2020-06-10,79.56,81.2,78.82,79.19,956513.0,6714,79.807
2020-06-11,77.74,77.77,73.4,73.44,1090882.0,7401,75.133
2020-06-12,76.71,76.9,72.84,74.23,717376.0,5442,74.963
2020-06-15,72.88,76.21,72.27,75.55,894047.0,6627,74.612
2020-06-16,78.67,79.15,76.0,76.83,921604.0,6168,77.41
2020-06-17,77.29,77.44,75.16,75.26,524832.0,3719,76.039
2020-06-18,74.88,75.25,73.43,73.77,679469.0,5157,74.169
2020-06-19,75.1,77.65,73.85,74.41,2087136.0,10326,75.301
2020-06-22,74.37,75.62,73.12,75.39,843893.0,5912,74.648
2020-06-23,76.26,77.25,75.29,75.93,1371318.0,7781,76.388
2020-06-24,75.5,75.99,72.79,72.84,1511175.0,9956,73.797
2020-06-25,72.54,75.68,71.1,75.62,1441229.0,10661,73.442
2020-06-26,75.76,78.73,75.0,76.13,3104433.0,20759,76.515
2020-06-29,76.59,78.8,74.83,78.41,1486294.0,9035,77.508
2020-06-30,78.88,82.27,78.6,81.43,1716373.0,11092,81.044
2020-07-01,81.75,81.75,79.09,80.18,1293786.0,10071,80.4
2020-07-02,82.82,84.79,81.89,82.26,1202946.0,7479,83.188
2020-07-06,83.8,85.54,82.56,84.22,1118027.0,7038,84.4
2020-07-07,83.99,85.93,82.94,82.95,1050872.0,7067,84.529
2020-07-08,83.5,85.55,81.15,82.21,1186292.0,7756,83.478
2020-07-09,83.09,84.55,81.5,83.84,741459.0,5047,82.978
2020-07-10,83.55,84.0,81.65,82.43,663655.0,3394,82.584
2020-07-13,83.84,84.43,78.43,78.5,1023043.0,5919,81.462
2020-07-14,78.71,81.1,77.76,80.63,802812.0,5465,79.942
2020-07-15,81.8,82.94,80.66,82.58,903745.0,6223,81.874
2020-07-16,81.29,82.36,80.68,82.11,619874.0,4381,81.528
2020-07-17,82.91,84.65,82.33,84.0,581637.0,4143,83.873
2020-07-20,84.54,87.6,83.66,87.13,910664.0,6040,86.54
2020-07-21,87.67,88.4,86.13,86.66,505240.0,3420,87.281
2020-07-22,86.68,88.36,86.6,87.24,343569.0,2616,87.355
2020-07-23,88.03,90.33,86.68,87.47,641654.0,4184,88.576
2020-07-24,86.83,87.0,84.27,84.47,641822.0,3631,85.356
2020-07-27,85.32,87.89,85.0,87.59,449595.0,3102,87.126
2020-07-28,87.25,88.1,86.28,86.43,434886.0,2996,87.2
2020-07-29,86.9,89.65,86.9,89.01,405915.0,2567,88.768
2020-07-30,88.03,91.65,87.94,91.09,777301.0,4991,90.437
2020-07-31,92.39,92.85,90.87,92.83,828860.0,4935,91.958
2020-08-03,94.0,96.74,93.89,94.58,962246.0,6071,95.273
2020-08-04,95.29,95.91,93.59,95.56,651742.0,4401,95.068
2020-08-05,94.94,94.95,92.61,94.14,654706.0,4676,93.868
2020-08-06,94.14,95.56,93.03,93.69,627228.0,4973,93.829
2020-08-07,93.68,94.03,89.32,91.34,1338173.0,9418,91.149
2020-08-10,91.2,91.86,85.89,88.02,2457572.0,14339,88.4
2020-08-11,92.75,94.46,89.55,89.84,2384566.0,16332,91.925
2020-08-12,90.16,93.7,90.16,92.97,1033183.0,7276,92.458
2020-08-13,92.01,95.09,90.91,94.3,798094.0,5312,93.671
2020-08-14,93.44,94.5,92.5,92.99,596890.0,4374,93.255
2020-08-17,94.09,94.1,90.08,90.3,924448.0,5964,91.199
2020-08-18,90.2,90.78,86.41,87.19,1334079.0,8818,87.293
2020-08-19,87.13,88.47,86.15,86.71,581179.0,3974,87.029
2020-08-20,85.31,87.0,83.42,84.28,970822.0,6617,84.439
2020-08-21,83.84,86.19,83.84,85.74,1021169.0,5860,85.266
2020-08-24,86.69,87.35,84.16,84.5,684106.0,4523,85.457
2020-08-25,84.75,84.75,83.08,84.0,542213.0,3579,83.777
2020-08-26,84.75,87.38,84.41,86.33,685927.0,4823,86.347
2020-08-27,86.72,87.0,84.36,84.43,351107.0,2448,85.111
2020-08-28,84.45,85.47,83.42,85.25,398419.0,2675,84.746
2020-08-31,85.46,86.39,84.81,86.0,377645.0,2365,85.767
2020-09-01,85.49,87.55,85.21,86.28,587760.0,3811,86.265
2020-09-02,87.14,87.58,84.66,87.39,629224.0,4218,86.366
2020-09-03,78.61,78.99,75.38,77.08,3396172.0,22140,77.121
2020-09-04,77.9,79.69,73.18,76.35,1659782.0,8587,75.834
2020-09-08,74.01,75.93,73.02,73.11,980402.0,7077,74.24
2020-09-09,74.88,75.98,72.1,72.62,1438950.0,9601,73.17
2020-09-10,73.41,74.2,69.72,70.25,1798377.0,12251,71.145
2020-09-11,71.03,72.14,69.15,70.49,1214720.0,7955,70.324
2020-09-14,71.31,73.31,71.31,72.97,787927.0,5686,72.502
2020-09-15,74.36,74.7,71.56,71.94,841369.0,5814,72.685
2020-09-16,72.17,72.91,71.18,71.35,769215.0,5555,71.758
2020-09-17,69.7,70.96,69.25,70.89,909635.0,5668,70.243
2020-09-18,71.65,72.4,69.31,71.51,1056593.0,7091,70.906
2020-09-21,70.11,75.77,70.11,75.71,1821086.0,10736,74.426
2020-09-22,76.25,76.65,73.35,74.8,1209392.0,8342,74.666
2020-09-23,74.49,76.3,72.31,72.55,830644.0,5830,74.163
2020-09-24,70.85,74.17,70.79,73.03,1005894.0,5511,73.237
2020-09-25,73.43,74.45,72.88,74.2,639379.0,4230,73.752
2020-09-28,74.95,75.61,73.92,75.14,424463.0,2987,74.851
2020-09-29,75.0,75.88,74.33,74.61,467356.0,2966,74.946
2020-09-30,74.32,76.8,74.18,75.13,845220.0,6098,75.484
2020-10-01,76.08,77.5,75.88,77.01,630344.0,4755,76.626
2020-10-02,75.54,77.99,75.17,77.37,946334.0,5589,77.471
2020-10-05,78.12,80.76,77.75,80.68,590571.0,3891,79.672
2020-10-06,81.06,82.81,79.88,80.45,710366.0,5060,81.406
2020-10-07,81.04,82.13,79.92,80.49,448432.0,3122,80.919
2020-10-08,82.38,83.88,81.61,82.05,472595.0,3329,82.649
2020-10-09,83.2,83.88,82.51,82.74,481363.0,2946,83.068
2020-10-12,83.81,85.19,82.63,84.22,511396.0,3353,83.865
2020-10-13,84.3,85.48,83.05,83.06,453298.0,3025,84.026
2020-10-14,83.84,84.49,81.79,82.67,657354.0,4108,82.893
2020-10-15,80.75,83.89,80.63,83.54,471009.0,3062,82.729
2020-10-16,83.48,83.93,81.5,82.73,606094.0,3958,82.523
2020-10-19,83.5,84.94,82.95,83.31,486684.0,3229,83.846
2020-10-20,83.95,84.93,83.63,84.33,484243.0,3919,84.483
2020-10-21,84.54,85.66,83.39,83.42,514743.0,3667,84.435
2020-10-22,84.78,86.28,84.01,85.29,485524.0,3658,85.285
2020-10-23,85.32,85.7,83.32,84.03,690999.0,3265,84.048
2020-10-26,83.8,83.86,80.78,82.6,538117.0,3398,82.527
2020-10-27,82.75,84.81,82.59,83.84,545477.0,3704,84.151
2020-10-28,82.7,82.99,80.7,81.33,467544.0,3028,81.598
2020-10-29,83.82,85.82,82.75,85.18,800571.0,5347,84.483
2020-10-30,84.0,85.0,81.58,82.69,888154.0,5968,82.516
2020-11-02,83.76,84.89,80.0,81.42,1491590.0,9492,81.842
2020-11-03,84.03,85.47,81.57,81.79,1055203.0,5625,83.378
2020-11-04,83.0,85.57,82.49,84.9,655733.0,4428,84.398
2020-11-05,87.24,90.65,86.25,89.52,1096795.0,6966,89.2
2020-11-06,90.28,90.48,87.14,88.66,960666.0,5661,88.874
2020-11-09,90.75,92.58,88.28,88.59,992373.0,7701,90.344
2020-11-10,87.15,88.15,83.42,84.29,908677.0,6028,84.613
2020-11-11,84.3,85.99,84.22,85.28,429316.0,2904,85.011
2020-11-12,85.68,85.94,82.31,82.48,1060687.0,5506,83.74
2020-11-13,82.72,84.17,82.25,83.69,451062.0,3258,83.345
2020-11-16,84.13,84.81,82.24,82.64,568461.0,3274,82.916
2020-11-17,82.28,84.02,81.36,83.2,459596.0,2851,82.981
2020-11-18,82.53,83.96,80.55,80.69,1074897.0,7104,81.475
2020-11-19,80.95,82.1,79.94,82.04,631500.0,4314,80.957
2020-11-20,82.3,84.75,81.88,83.35,661032.0,4065,83.681
2020-11-23,84.0,84.5,82.87,83.34,407426.0,2389,83.55
2020-11-24,83.7,84.48,82.47,83.17,524972.0,2860,83.101
2020-11-25,82.81,83.86,82.03,83.38,303865.0,2093,83.11
2020-11-27,84.48,84.83,82.76,84.53,213914.0,1506,84.092
2020-11-30,84.78,86.76,83.5,86.38,774481.0,4946,85.151
2020-12-01,86.95,87.88,86.0,86.97,367191.0,2291,86.876
2020-12-02,86.22,87.65,85.66,87.14,341329.0,2575,86.921
2020-12-03,87.2,88.8,86.88,88.08,684495.0,4871,88.12
2020-12-04,87.88,89.36,87.6,89.31,576081.0,3637,88.797
2020-12-07,89.22,91.76,89.15,91.47,536698.0,3244,90.776
2020-12-08,91.24,91.95,89.94,90.34,690828.0,4507,90.907
2020-12-09,90.78,91.0,85.35,87.13,820484.0,5866,87.474
2020-12-10,84.85,89.81,84.58,88.34,624363.0,3888,88.476
2020-12-11,86.68,87.63,85.82,86.62,619902.0,3909,86.61
2020-12-14,87.92,88.95,87.52,87.97,331845.0,2040,88.208
2020-12-15,91.76,94.09,90.79,93.98,1259541.0,8539,92.794
2020-12-16,94.0,94.19,92.12,93.01,547073.0,2691,93.104
2020-12-17,92.97,93.95,91.08,92.75,531284.0,3483,92.73
2020-12-18,92.64,93.56,90.74,91.13,792033.0,4548,92.194
2020-12-21,90.13,90.98,87.9,89.64,939879.0,6367,88.891
2020-12-22,90.31,98.41,89.97,97.75,1591734.0,8919,96.827
2020-12-23,97.44,99.0,96.59,98.13,1035917.0,6320,98.207
2020-12-24,98.0,98.94,97.65,98.3,386840.0,2494,98.232
2020-12-28,99.41,101.25,98.67,98.94,591648.0,3684,99.608
2020-12-29,99.78,100.12,95.4,95.8,1017681.0,7348,97.424
2020-12-30,95.42,96.67,94.52,95.11,419667.0,2777,95.308
2020-12-31,95.11,95.5,94.34,94.8,224961.0,1529,94.833
2021-01-04,95.0,98.27,94.7,96.72,657494.0,5135,96.766
2021-01-05,96.28,101.62,96.18,101.38,1063159.0,6763,100.044
2021-01-06,100.12,104.12,99.77,102.68,613813.0,4741,102.695
2021-01-07,103.02,104.74,102.0,104.61,651807.0,4637,103.536
2021-01-08,105.43,106.87,103.54,106.55,845078.0,5189,106.107
2021-01-11,105.92,108.64,105.42,107.89,846600.0,4013,107.886
2021-01-12,109.65,112.08,106.43,108.93,1013988.0,5697,109.575
2021-01-13,109.03,110.98,107.14,107.29,535572.0,3802,108.361
2021-01-14,108.72,110.79,106.0,106.24,547808.0,3891,107.95
2021-01-15,106.51,107.88,104.53,106.32,505027.0,3427,106.376
2021-01-19,95.02,96.78,91.91,94.6,8368941.0,53497,94.691
2021-01-20,97.13,98.99,94.12,96.01,3977364.0,25202,95.88
2021-01-21,96.38,97.99,94.45,97.47,2467411.0,15605,96.435
2021-01-22,97.78,100.82,97.0,99.0,1560783.0,10704,99.163
2021-01-25,101.1,102.22,97.65,98.86,1142321.0,7844,99.607
2021-01-26,99.0,99.98,97.44,97.55,681917.0,4911,98.656
2021-01-27,97.14,101.4,95.25,99.54,1264435.0,8517,99.312
2021-01-28,99.31,100.0,95.38,95.52,1040336.0,7677,96.643
2021-01-29,97.37,97.97,93.41,93.8,1046443.0,6048,94.977
2021-02-01,95.61,96.2,92.93,95.62,1250482.0,8645,94.824
2021-02-02,91.02,91.86,85.9,88.14,5081831.0,31335,88.276
2021-02-03,90.23,90.91,87.89,88.54,1862884.0,12382,88.898
2021-02-04,89.1,89.64,87.64,89.55,1763214.0,9077,88.579
2021-02-05,91.0,91.13,87.97,88.78,935319.0,5315,89.17
2021-02-08,90.65,91.8,87.69,88.14,2726981.0,15970,89.494
2021-02-09,88.31,89.7,86.43,87.07,1590280.0,9627,87.365
2021-02-10,87.53,89.5,86.09,88.72,1083056.0,6714,88.046
2021-02-11,88.52,93.48,88.52,92.55,1857712.0,10940,91.661
2021-02-12,95.25,96.32,92.46,93.95,3139199.0,18659,94.613
2021-02-16,95.01,95.91,94.11,94.23,768300.0,5195,94.952
2021-02-17,93.79,94.37,91.14,92.76,718308.0,4618,92.517
2021-02-18,91.27,92.1,90.54,91.42,570847.0,3969,91.463
2021-02-19,93.13,93.14,91.36,91.74,834461.0,5540,92.184
2021-02-22,90.34,91.53,89.53,90.0,613305.0,4496,90.237
2021-02-23,88.88,90.22,85.29,90.01,892643.0,6288,88.203
2021-02-24,89.96,93.73,89.23,93.53,843708.0,5177,91.514
2021-02-25,92.71,93.53,89.07,89.72,542832.0,4026,90.775
2021-02-26,89.91,91.58,88.28,90.0,404404.0,2906,90.217
2021-03-01,90.84,91.93,90.31,91.19,737130.0,5288,91.249
2021-03-02,91.67,91.88,88.83,88.89,461012.0,3251,89.729
2021-03-03,88.38,88.84,86.15,86.57,615841.0,4138,87.466
2021-03-04,86.5,88.5,84.14,85.32,1012045.0,7584,86.339
2021-03-05,85.54,86.35,82.58,86.11,855493.0,5844,84.778
2021-03-08,85.49,86.0,82.91,82.91,1089608.0,7318,84.18
2021-03-09,84.76,86.98,84.03,85.69,948826.0,6933,86.003
2021-03-10,84.76,85.52,82.7,84.97,1219667.0,8044,84.564
2021-03-11,87.66,88.51,85.9,86.66,730459.0,5214,87.25
2021-03-12,85.42,89.28,84.14,88.72,1012065.0,7063,87.917
2021-03-15,89.55,90.98,88.1,90.38,594204.0,4069,90.069
2021-03-16,91.15,91.85,89.12,90.17,510700.0,3351,90.437
2021-03-17,88.09,89.41,86.93,88.41,1105044.0,7760,88.173
2021-03-18,86.03,88.13,84.75,84.92,1292234.0,9322,86.085
2021-03-19,84.38,85.36,83.5,83.54,929008.0,5594,84.246
2021-03-22,84.15,86.41,83.9,85.51,754435.0,5054,85.306
2021-03-23,84.23,84.44,82.22,82.5,897330.0,6241,83.29
2021-03-24,83.1,83.22,78.0,79.0,2363818.0,15539,79.574
2021-03-25,83.03,87.08,81.53,85.74,4070464.0,25429,85.06
2021-03-26,87.28,92.26,86.57,91.93,2267653.0,14727,90.194
2021-03-29,90.93,92.21,89.82,90.09,947825.0,7169,90.955
2021-03-30,90.0,90.59,88.13,90.36,832227.0,5519,89.599
2021-03-31,90.82,92.55,90.04,91.35,674476.0,5028,91.407
2021-04-01,91.45,93.38,91.44,92.57,703086.0,4585,92.486
2021-04-05,93.19,94.25,92.78,93.6,443888.0,3223,93.541
2021-04-06,93.4,93.51,90.7,90.95,858180.0,5429,91.455
2021-04-07,90.93,91.0,89.2,90.4,744365.0,4300,90.075
2021-04-08,91.38,92.01,90.17,91.27,500173.0,3097,90.888
2021-04-09,91.35,91.91,88.92,91.2,630303.0,3814,90.086
2021-04-12,91.7,93.22,91.37,92.61,934248.0,6538,92.467
2021-04-13,92.68,93.25,91.88,92.5,417850.0,2477,92.422
2021-04-14,92.67,93.63,92.12,92.47,413222.0,3140,92.758
2021-04-15,92.67,93.8,91.69,93.04,389412.0,2664,92.765
2021-04-16,93.64,93.92,92.84,93.19,552182.0,3404,93.394
2021-04-19,93.91,95.1,91.87,92.52,452991.0,3229,92.787
2021-04-20,92.76,93.94,91.76,91.97,434467.0,3094,92.515
2021-04-21,91.73,93.5,91.26,93.12,260455.0,1974,92.94
2021-04-22,93.01,93.51,91.84,92.3,320746.0,2512,92.567
2021-04-23,92.65,94.49,92.34,94.08,325770.0,2027,93.992
2021-04-26,94.25,94.88,93.51,94.5,431051.0,2648,94.408
2021-04-27,94.89,95.25,94.0,94.71,381275.0,2314,94.834
2021-04-28,94.31,95.21,93.9,94.45,305234.0,2096,94.779
2021-04-29,95.49,95.5,91.44,92.64,439833.0,3378,92.779
2021-04-30,90.71,91.01,85.03,85.05,1364165.0,8235,86.89
2021-05-03,85.29,86.73,83.72,83.87,621206.0,4228,84.35
2021-05-04,82.88,83.93,81.5,83.72,902383.0,5997,82.655
2021-05-05,83.17,83.99,80.69,81.17,986877.0,6695,81.85
2021-05-06,80.06,81.68,79.35,81.39,1053776.0,6768,80.386
2021-05-07,82.03,83.6,81.55,82.93,595260.0,3571,82.693
2021-05-10,82.29,82.5,80.37,80.77,630498.0,3882,81.24
2021-05-11,79.8,82.98,79.31,82.14,799167.0,5901,81.828
2021-05-12,71.53,72.0,68.07,68.24,7393744.0,42754,69.502
2021-05-13,68.51,68.63,65.67,67.43,3381355.0,20983,66.985
2021-05-14,67.78,70.5,66.31,70.05,1670606.0,9607,68.726
2021-05-17,69.26,72.59,69.26,72.18,1918901.0,11434,71.231
2021-05-18,73.06,75.83,72.78,74.67,1846868.0,11633,74.795
2021-05-19,73.72,76.76,73.41,76.63,1740187.0,9535,75.823
2021-05-20,76.83,79.79,76.66,79.27,1460080.0,9938,78.407
2021-05-21,79.1,80.3,78.55,79.35,1270455.0,7622,79.442
2021-05-24,79.74,81.42,79.65,80.28,696293.0,5032,80.755
2021-05-25,80.5,81.0,79.7,80.05,1043573.0,5315,80.37
2021-05-26,80.0,81.83,80.0,80.53,713289.0,4109,80.982
2021-05-27,80.19,82.11,80.04,81.15,555374.0,3882,81.34
2021-05-28,81.63,82.1,80.87,81.37,341030.0,2721,81.477
2021-06-01,79.65,80.78,79.2,80.06,616185.0,4243,79.995
2021-06-02,80.12,81.99,79.78,81.33,540622.0,4215,81.301
2021-06-03,81.48,81.53,80.06,80.69,481920.0,3469,80.629
2021-06-04,80.86,82.8,80.75,81.94,454465.0,3107,82.162
2021-06-07,81.79,81.79,79.92,80.05,678369.0,5035,80.423
2021-06-08,80.2,81.55,80.08,81.45,408891.0,2432,81.091
2021-06-09,81.68,82.02,80.16,80.19,397044.0,2571,81.048
2021-06-10,80.72,81.78,80.24,81.28,440465.0,3360,81.219
2021-06-11,81.56,81.78,80.47,80.79,616603.0,5056,80.818
2021-06-14,80.97,82.7,80.96,82.18,496271.0,3258,81.96
2021-06-15,82.72,82.75,80.78,81.32,396058.0,2607,81.453
2021-06-16,81.49,81.49,79.99,81.08,400351.0,3103,80.795
2021-06-17,80.5,82.15,80.27,81.14,224367.0,1515,81.419
2021-06-18,80.84,81.25,79.72,80.02,440546.0,2965,80.258
2021-06-21,80.52,82.49,79.93,81.17,542976.0,3920,81.646
2021-06-22,80.78,81.0,79.39,80.24,566487.0,3766,79.906
2021-06-23,80.4,81.88,80.28,80.95,516210.0,2443,81.264
2021-06-24,81.36,82.99,81.36,82.98,592659.0,2975,82.214
2021-06-25,83.0,84.57,82.26,82.64,934107.0,3613,83.472
2021-06-28,83.0,84.55,83.0,83.7,412628.0,2732,83.757
2021-06-29,83.78,84.98,82.77,83.1,343239.0,2443,83.448
2021-06-30,83.31,83.42,82.02,82.03,530836.0,3248,82.585
2021-07-01,82.48,84.3,82.15,83.98,437017.0,2820,83.805
2021-07-02,84.06,84.64,83.17,83.47,274259.0,2066,83.685
2021-07-06,83.67,83.88,82.26,83.72,254538.0,1727,83.265
2021-07-07,83.82,84.19,80.79,82.41,278639.0,1893,82.225
2021-07-08,80.97,82.65,80.35,82.23,268485.0,1930,81.939
2021-07-09,82.03,83.11,81.65,82.67,207982.0,1356,82.553
2021-07-12,82.7,82.99,81.64,82.51,302770.0,1389,82.293
2021-07-13,82.7,83.26,82.0,82.29,287695.0,1793,82.551
2021-07-14,83.01,84.65,82.52,82.63,476585.0,3099,83.707
2021-07-15,82.45,82.8,80.57,81.33,302965.0,2261,81.236
2021-07-16,81.32,82.0,80.27,80.27,188733.0,1412,80.929
2021-07-19,79.64,81.44,79.2,80.64,248051.0,1823,80.437
2021-07-20,81.15,81.98,80.25,81.21,446331.0,3319,81.271
2021-07-21,81.58,83.2,81.24,82.8,245313.0,1627,82.617
2021-07-22,82.5,83.16,81.82,82.47,148713.0,990,82.433
2021-07-23,82.74,83.32,81.73,82.97,134824.0,947,82.796
2021-07-26,82.99,83.95,82.76,83.09,175961.0,1194,83.144
2021-07-27,82.5,82.55,80.1,81.09,240889.0,1824,81.085
2021-07-28,81.23,83.82,80.87,83.3,231010.0,1463,82.908
2021-07-29,83.66,85.0,83.22,83.68,227665.0,1656,84.264
2021-07-30,82.95,84.25,82.9,83.99,307874.0,2191,83.927
2021-08-02,84.12,85.92,83.43,83.47,297993.0,2214,84.439
2021-08-03,83.27,83.42,81.03,81.53,410224.0,2843,81.734
2021-08-04,81.76,82.22,80.41,81.66,685265.0,4124,81.398
2021-08-05,81.72,82.96,80.6,80.87,421310.0,2425,81.439
2021-08-06,80.58,82.45,80.58,81.26,671160.0,4437,81.784
2021-08-09,81.49,81.84,80.51,80.65,202679.0,1392,81.015
2021-08-10,80.33,82.0,79.23,79.83,423034.0,3010,80.084
2021-08-11,79.97,80.08,77.91,79.7,374473.0,2706,79.066
2021-08-12,79.51,79.73,78.67,79.11,214270.0,1497,79.139
2021-08-13,79.37,79.7,78.25,78.64,272050.0,1938,78.782
2021-08-16,78.43,79.22,78.17,78.38,374332.0,2685,78.694
2021-08-17,77.92,81.38,77.32,80.24,1291822.0,6763,80.261
2021-08-18,81.75,83.56,79.86,81.67,1152528.0,6614,81.992
2021-08-19,81.84,84.99,81.46,84.96,867376.0,5188,84.036
2021-08-20,84.61,85.79,83.13,84.58,498828.0,3053,84.462
2021-08-23,84.92,87.43,84.8,86.21,671139.0,3866,86.378
2021-08-24,86.48,86.88,85.46,86.75,258387.0,1871,86.365
2021-08-25,87.0,87.51,86.4,86.91,258145.0,1738,87.151
2021-08-26,86.67,86.74,85.36,85.52,165828.0,1224,85.827
2021-08-27,85.4,87.45,85.4,86.96,227609.0,1808,86.953
2021-08-30,86.91,87.65,86.44,87.07,174930.0,1275,87.049
2021-08-31,87.21,87.28,85.78,86.64,161689.0,1119,86.647
2021-09-01,87.01,88.24,86.79,87.45,256795.0,1654,87.658
2021-09-02,87.83,89.04,87.83,88.33,232881.0,1680,88.358
2021-09-03,88.06,89.34,87.66,89.03,272733.0,1953,88.689
2021-09-07,88.73,88.8,87.0,87.99,227751.0,1624,87.877
2021-09-08,87.5,88.21,87.09,88.17,203283.0,1450,87.609
2021-09-09,88.13,89.65,87.7,88.72,301121.0,2275,88.891
2021-09-10,88.39,88.51,85.75,85.82,448738.0,3095,86.996
2021-09-13,86.16,88.04,85.04,87.57,278741.0,1951,87.202
2021-09-14,87.7,87.8,85.23,85.91,235504.0,1647,86.045
2021-09-15,86.5,87.15,85.73,86.5,255667.0,1907,86.494
2021-09-16,86.5,86.82,85.4,86.47,182894.0,1234,86.058
2021-09-17,86.51,86.51,84.59,85.38,402482.0,2870,85.28
2021-09-20,84.19,84.95,83.59,84.79,457997.0,2054,84.531
2021-09-21,85.25,85.71,83.5,84.22,250148.0,1772,84.446
2021-09-22,84.91,85.48,84.26,84.37,188947.0,1252,84.954
2021-09-23,84.59,86.34,84.48,85.48,288776.0,1685,85.75
2021-09-24,85.42,87.04,85.3,86.58,232035.0,1633,86.452
2021-09-27,86.72,86.98,85.54,85.99,174511.0,1159,86.175
2021-09-28,85.6,85.63,83.66,84.49,219827.0,1581,84.517
2021-09-29,84.5,85.92,83.6,83.98,225490.0,1721,84.387
2021-09-30,84.52,85.56,83.54,83.54,230329.0,1717,84.381
2021-10-01,83.37,86.0,82.67,85.37,253136.0,2070,84.508
2021-10-04,85.18,85.48,81.9,82.26,295613.0,2241,83.135
2021-10-05,82.97,83.65,81.94,81.98,220272.0,1547,82.472
2021-10-06,81.51,82.35,80.77,81.85,192458.0,1447,81.586
2021-10-07,82.81,86.15,82.65,84.83,408095.0,3019,85.225
2021-10-08,85.14,85.58,84.09,84.16,111580.0,911,84.51
2021-10-11,84.1,86.38,83.89,85.54,206797.0,1581,85.763
2021-10-12,83.71,84.94,83.59,84.62,256076.0,1897,84.332
2021-10-13,84.89,85.35,84.04,85.15,139237.0,1002,84.968
2021-10-14,86.0,86.86,85.75,86.39,199762.0,1370,86.453
2021-10-15,87.17,87.17,85.13,85.19,195313.0,1507,85.878
2021-10-18,85.03,85.58,84.0,84.65,277721.0,2143,84.763
2021-10-19,84.96,86.39,84.78,85.22,211181.0,1521,85.626
2021-10-20,85.45,85.74,84.77,85.37,349371.0,1969,85.293
2021-10-21,85.87,85.87,84.56,84.88,150193.0,1137,85.018
2021-10-22,84.81,85.7,83.8,84.05,90878.0,650,84.564
2021-10-25,83.99,84.3,81.18,81.34,439227.0,2972,82.567
2021-10-26,81.69,82.22,80.67,80.78,418297.0,2369,81.312
2021-10-27,80.83,81.87,80.6,80.7,259797.0,2204,81.081
2021-10-28,80.95,83.22,80.95,82.1,209494.0,1582,82.564
2021-10-29,81.53,83.52,81.5,82.58,190198.0,1482,82.872
2021-11-01,82.39,85.08,82.0,84.49,225222.0,1813,84.256
2021-11-02,84.62,87.35,84.4,86.78,370562.0,2736,86.414
2021-11-03,86.79,87.05,85.3,86.81,391555.0,3278,86.228
2021-11-04,85.75,89.42,85.5,88.34,928066.0,5692,87.336
2021-11-05,89.6,93.43,89.3,93.34,848858.0,5570,91.886
2021-11-08,93.28,93.94,90.61,91.16,769031.0,4929,91.816
2021-11-09,91.25,92.77,90.36,92.26,575728.0,3298,92.16
2021-11-10,90.68,93.0,90.58,91.33,385845.0,2475,91.611
2021-11-11,91.5,92.64,91.1,91.16,246047.0,1294,91.845
2021-11-12,91.12,92.48,90.91,91.8,214539.0,1525,91.702
2021-11-15,92.19,92.19,89.3,90.06,437931.0,1669,91.246
2021-11-16,88.48,90.44,88.03,89.94,438191.0,3169,89.532
2021-11-17,89.59,91.7,88.65,91.47,424527.0,2918,90.861
2021-11-18,90.92,91.51,89.37,90.07,360613.0,2382,90.37
2021-11-19,90.23,91.25,89.6,91.19,339642.0,2343,90.589
2021-11-22,91.22,93.32,89.9,89.98,462539.0,2600,91.478
2021-11-23,89.64,90.44,87.45,90.36,617427.0,4295,88.967
2021-11-24,89.56,89.6,87.53,89.21,409078.0,2951,88.648
2021-11-26,88.0,88.34,86.5,86.82,214403.0,1628,87.251
2021-11-29,87.68,87.99,85.86,87.29,418640.0,3221,86.813
2021-11-30,86.37,87.24,84.67,86.77,347406.0,2424,85.997
2021-12-01,88.25,89.81,85.43,85.51,500405.0,3488,87.53
2021-12-02,85.35,86.55,84.18,85.32,509001.0,3766,85.196
2021-12-03,85.73,86.81,85.0,85.9,315113.0,2425,86.097
2021-12-06,87.0,88.76,86.49,87.08,353255.0,2378,87.642
2021-12-07,88.42,91.34,88.09,90.58,620322.0,3360,89.978
2021-12-08,90.22,93.84,89.32,93.41,546672.0,4119,92.624
2021-12-09,94.07,98.24,93.82,96.97,1165521.0,7264,96.981
2021-12-10,96.86,100.97,96.75,100.6,958504.0,6398,99.563
2021-12-13,100.49,102.17,99.08,99.46,602590.0,4357,100.187
2021-12-14,98.96,103.45,98.75,102.59,1117533.0,7269,101.603
2021-12-15,102.15,104.58,101.9,104.3,634514.0,4353,103.354
2021-12-16,103.92,105.42,101.94,102.76,513262.0,4097,103.58
2021-12-17,102.24,105.28,101.42,104.19,505479.0,3569,103.696
2021-12-20,103.31,104.82,101.92,103.7,369604.0,2447,103.198
2021-12-21,103.88,104.78,102.61,103.8,264832.0,1973,103.553
2021-12-22,103.84,104.69,102.54,104.5,194590.0,1260,104.029
2021-12-23,104.77,105.83,103.81,104.49,198983.0,1594,104.832
2021-12-27,104.3,107.2,104.3,106.99,312423.0,2171,106.449
2021-12-28,106.65,106.87,104.82,106.19,154556.0,1232,105.9
2021-12-29,106.24,107.47,106.24,106.89,145283.0,1109,106.957
2021-12-30,106.65,107.9,106.22,106.35,162785.0,1312,107.027
2021-12-31,106.87,107.1,105.46,105.77,114981.0,857,106.081
2022-01-03,106.09,107.13,105.02,107.13,279006.0,1941,106.274
2022-01-04,107.34,108.9,106.01,107.05,383229.0,2667,107.085
2022-01-05,106.32,107.96,104.95,105.02,343093.0,2320,106.576
2022-01-06,103.14,105.85,103.13,104.72,255889.0,1921,104.927
2022-01-07,105.13,105.96,103.14,105.3,501055.0,2853,104.993
2022-01-10,104.27,106.25,102.78,106.09,299044.0,2167,104.547
2022-01-11,105.93,108.58,105.1,107.61,521134.0,3132,107.605
2022-01-12,107.36,108.44,106.28,107.43,282020.0,1770,107.502
2022-01-13,108.1,108.84,104.85,105.32,400674.0,2621,106.458
2022-01-14,104.96,106.66,104.0,106.36,425272.0,3065,105.515
2022-01-18,106.11,106.11,102.8,104.02,628402.0,4167,103.755
2022-01-19,103.86,104.02,99.35,99.44,626947.0,4064,100.704
2022-01-20,100.53,101.77,98.89,98.98,372564.0,2560,100.499
2022-01-21,98.5,99.92,97.35,97.49,339738.0,2406,98.374
2022-01-24,95.86,98.72,94.09,98.52,483011.0,3640,96.16
2022-01-25,97.06,97.06,94.0,95.48,599620.0,3478,95.62
2022-01-26,99.02,99.87,96.69,97.83,559104.0,3684,98.18
2022-01-27,99.49,100.23,96.35,97.25,832333.0,5061,97.939
2022-01-28,97.2,97.41,94.79,97.37,411870.0,3182,96.201
2022-01-31,97.63,101.5,97.0,101.48,356772.0,2656,100.121
2022-02-01,100.76,101.2,99.51,100.38,334758.0,2716,100.362
2022-02-02,100.22,101.27,97.86,100.95,599468.0,4743,99.67
2022-02-03,90.53,93.78,85.17,86.37,3526251.0,21815,87.732
2022-02-04,86.71,91.33,86.59,90.4,806488.0,5711,89.133
2022-02-07,90.39,93.68,90.39,92.77,753496.0,5779,92.464
2022-02-08,92.35,96.2,92.35,95.37,714699.0,4898,94.988
2022-02-09,96.28,98.5,95.85,97.82,526895.0,4458,97.272
2022-02-10,96.6,99.92,95.0,96.88,493959.0,3628,98.125
2022-02-11,96.93,98.44,94.31,94.31,569083.0,4303,96.007
2022-02-14,94.3,96.15,93.13,93.36,524449.0,4190,94.137
2022-02-15,94.35,97.49,94.34,97.15,512172.0,4047,95.918
2022-02-16,96.26,101.61,95.24,101.58,604863.0,4403,99.739
2022-02-17,100.24,102.27,99.82,101.13,791331.0,3888,101.349
2022-02-18,100.11,100.29,98.36,99.08,406637.0,2803,99.475
2022-02-22,98.53,100.94,96.9,97.26,572795.0,4355,98.664
2022-02-23,97.78,98.56,95.06,95.42,329791.0,2696,96.86
2022-02-24,93.02,99.01,92.75,98.93,477396.0,3484,96.412
2022-02-25,98.44,101.72,96.74,101.41,572722.0,3882,100.125
2022-02-28,99.87,101.48,97.18,98.86,558811.0,4171,98.899
2022-03-01,98.43,99.53,96.31,97.19,567103.0,4000,97.745
2022-03-02,97.88,101.4,97.6,101.28,359730.0,2530,100.07
2022-03-03,101.73,105.05,98.38,98.89,1242136.0,7402,100.671
2022-03-04,97.62,98.44,90.94,93.33,1460306.0,9317,93.862
2022-03-07,94.1,94.64,91.5,92.99,960004.0,7073,93.28
2022-03-08,93.11,94.83,90.07,90.59,917445.0,5929,91.729
2022-03-09,93.68,95.62,93.02,94.66,510085.0,3903,94.647
2022-03-10,93.53,94.72,92.35,93.46,366955.0,2526,93.516
2022-03-11,94.1,94.45,91.2,91.44,345610.0,2449,92.579
2022-03-14,90.0,91.46,84.94,85.01,776527.0,4961,87.089
2022-03-15,86.97,89.0,86.11,88.54,545172.0,3815,88.151
2022-03-16,89.76,91.53,88.64,91.49,657136.0,3038,90.553
2022-03-17,90.67,93.43,90.67,92.27,376502.0,2677,92.5
2022-03-18,91.17,95.4,91.12,95.0,656854.0,3710,93.715
2022-03-21,94.85,95.85,92.21,92.87,256122.0,1894,93.509
2022-03-22,93.17,95.98,93.1,94.15,285781.0,1872,94.731
2022-03-23,93.14,94.8,92.69,93.11,294777.0,1957,93.59
2022-03-24,95.38,98.17,94.34,97.85,535138.0,3356,96.581
2022-03-25,97.26,99.12,97.26,98.83,341358.0,2245,98.413
2022-03-28,98.17,98.36,96.08,97.39,333135.0,2451,97.47
2022-03-29,98.63,100.22,98.06,99.73,274256.0,2022,99.196
2022-03-30,98.72,99.85,97.46,97.8,137499.0,1074,98.495
2022-03-31,97.66,99.17,97.45,97.6,258188.0,1970,98.231
2022-04-01,97.72,98.32,95.22,95.5,374515.0,2595,96.104
2022-04-04,95.57,96.6,94.66,95.46,223575.0,1496,95.628
2022-04-05,95.28,95.41,91.49,93.07,367049.0,2999,93.169
2022-04-06,91.98,92.83,90.65,90.78,373419.0,2659,91.654
2022-04-07,90.73,91.45,89.04,90.24,286165.0,1908,90.17
2022-04-08,90.28,90.43,88.32,88.72,182615.0,1398,89.058
2022-04-11,87.57,89.75,86.63,86.97,374622.0,2704,87.774
2022-04-12,88.04,89.57,86.52,86.6,271328.0,2097,87.796
2022-04-13,86.93,90.18,86.68,90.0,587273.0,3973,89.079
2022-04-14,89.52,89.8,85.6,85.65,660230.0,3772,86.655
2022-04-18,85.07,86.27,84.85,85.5,315936.0,2395,85.38
2022-04-19,85.25,87.87,85.25,86.95,344395.0,2572,86.675
2022-04-20,88.2,88.51,86.98,87.95,319166.0,2628,87.753
2022-04-21,89.28,89.28,85.08,85.6,471873.0,3491,86.319
2022-04-22,85.73,86.51,83.97,84.46,330121.0,2338,84.73
2022-04-25,83.76,86.4,83.73,86.11,298883.0,2329,85.264
2022-04-26,85.21,85.69,82.81,82.85,327481.0,2601,83.697
2022-04-27,83.0,83.81,80.7,80.85,474202.0,3903,81.629
2022-04-28,81.79,83.62,80.56,83.26,322480.0,2697,82.313
2022-04-29,82.79,84.35,81.13,81.21,345927.0,2752,82.137
2022-05-02,80.86,83.58,80.86,83.08,745171.0,5194,82.402
2022-05-03,82.96,84.0,81.16,82.14,791238.0,6512,82.403
2022-05-04,90.88,90.93,85.01,89.5,2168772.0,14258,88.702
2022-05-05,88.99,90.45,87.69,88.82,953255.0,7015,89.016
2022-05-06,87.94,90.61,86.64,89.01,1164658.0,8477,88.857
2022-05-09,87.22,90.15,86.45,87.02,1296927.0,8151,88.156
2022-05-10,87.36,90.23,85.51,89.33,1057271.0,7652,88.31
2022-05-11,88.47,91.86,88.24,89.22,883518.0,5807,90.173
2022-05-12,88.59,89.86,84.82,87.21,624579.0,4959,87.183
2022-05-13,87.86,90.55,87.62,90.08,343939.0,2799,89.613
2022-05-16,89.64,90.04,87.03,87.18,300216.0,2602,88.266
2022-05-17,88.79,90.85,88.51,90.53,371988.0,2921,90.076
2022-05-18,89.53,92.36,86.75,87.95,713405.0,4958,88.843
2022-05-19,86.66,88.38,85.03,86.75,823117.0,6174,86.571
2022-05-20,88.3,88.43,84.79,87.08,479424.0,3608,86.097
2022-05-23,86.75,88.17,85.86,87.08,336280.0,2154,87.023
2022-05-24,86.33,86.67,82.47,83.65,578525.0,4201,83.512
2022-05-25,83.2,86.02,83.02,84.61,372065.0,2805,84.776
2022-05-26,84.52,87.01,83.67,85.78,327038.0,2410,86.153
2022-05-27,86.33,87.99,85.83,87.99,282164.0,2231,87.005
2022-05-31,88.08,88.08,85.28,86.08,379957.0,3076,86.373
2022-06-01,86.42,88.26,84.99,86.8,583351.0,4330,86.89
2022-06-02,86.11,88.57,84.85,88.03,617194.0,5220,86.996
2022-06-03,86.6,86.6,83.68,84.0,410063.0,3217,84.565
2022-06-06,84.15,86.49,84.13,85.9,408611.0,3223,85.724
2022-06-07,85.54,88.44,85.12,88.26,320317.0,2537,87.521
2022-06-08,88.29,88.64,86.41,87.38,302615.0,2407,87.773
2022-06-09,87.34,88.26,84.49,84.56,664259.0,2969,86.001
2022-06-10,83.15,83.89,82.48,82.92,260091.0,2145,83.044
2022-06-13,80.43,81.83,79.01,79.34,389455.0,2976,79.789
2022-06-14,79.77,80.89,78.84,79.29,353952.0,2685,79.657
2022-06-15,80.12,81.45,78.86,80.32,536681.0,4119,80.305
2022-06-16,78.25,78.98,73.97,75.21,734602.0,5769,75.568
2022-06-17,75.78,77.5,75.56,76.67,654447.0,3610,76.356
2022-06-21,76.0,79.5,76.0,78.67,382419.0,3169,78.815
2022-06-22,77.63,79.98,77.53,78.09,501300.0,4254,78.907
2022-06-23,77.97,78.56,77.35,78.2,301285.0,2417,78.005
2022-06-24,78.38,82.38,78.38,82.18,510801.0,3735,81.232
2022-06-27,82.84,84.52,81.87,82.28,447033.0,3735,83.182
2022-06-28,82.72,83.59,80.35,80.41,287812.0,2339,81.677
2022-06-29,80.06,81.08,79.71,80.61,320807.0,2225,80.38
2022-06-30,78.92,81.33,78.92,79.42,406152.0,3314,79.962
2022-07-01,79.31,79.97,76.7,77.82,475040.0,3749,77.924
2022-07-05,76.46,77.25,75.13,76.59,399332.0,3278,76.272
2022-07-06,76.0,77.53,76.0,76.93,212284.0,1543,76.803
2022-07-07,77.79,79.34,77.79,78.1,321242.0,2509,78.3
2022-07-08,77.4,80.51,77.17,80.14,363429.0,3008,79.624
2022-07-11,79.89,79.89,78.2,78.51,313475.0,2479,78.761
2022-07-12,78.46,78.83,76.9,77.62,327326.0,2796,77.924
2022-07-13,76.0,78.48,76.0,78.06,156216.0,1283,77.677
2022-07-14,77.3,79.32,76.5,79.08,475097.0,1517,77.789
2022-07-15,79.56,81.98,79.28,81.96,308911.0,1981,81.131
2022-07-18,82.4,82.68,80.73,81.0,278739.0,1956,81.728
2022-07-19,81.94,84.46,81.65,83.59,360402.0,2210,83.292
2022-07-20,83.77,85.68,83.18,85.48,319132.0,2320,84.557
2022-07-21,85.64,86.53,84.63,86.42,209050.0,1764,85.994
2022-07-22,86.05,86.32,84.28,85.02,209109.0,1229,84.947
2022-07-25,84.96,85.0,83.33,84.46,143498.0,1155,84.196
2022-07-26,83.75,85.74,83.16,85.42,274057.0,2447,85.269
2022-07-27,85.88,87.85,85.33,87.06,352671.0,2732,86.46
2022-07-28,87.44,88.35,86.45,88.15,161335.0,1269,87.756
2022-07-29,87.48,91.0,86.58,90.46,562432.0,4348,89.629
2022-08-01,89.88,91.99,89.41,90.66,288426.0,2393,90.953
2022-08-02,89.96,91.45,89.75,90.74,189244.0,1333,90.636
2022-08-03,90.99,93.5,90.88,93.43,391471.0,2594,92.566
2022-08-04,92.65,93.37,90.85,91.08,491675.0,3756,91.923
2022-08-05,90.57,91.15,89.83,90.99,277951.0,2113,90.651
2022-08-08,91.59,93.7,91.27,92.19,262397.0,2128,92.08
2022-08-09,91.51,91.9,88.85,89.19,453209.0,3191,89.671
2022-08-10,90.61,92.25,89.27,92.17,268591.0,2294,91.566
2022-08-11,93.22,94.61,91.97,92.5,287873.0,2289,93.024
2022-08-12,93.4,94.5,92.73,94.27,413078.0,2580,93.883
2022-08-15,94.0,96.46,93.23,96.19,771267.0,4413,95.46
2022-08-16,91.0,93.0,88.75,89.6,1870161.0,11793,90.552
2022-08-17,89.0,91.03,87.77,89.31,845995.0,6293,89.067
2022-08-18,89.22,93.44,89.2,92.71,894565.0,6544,92.269
2022-08-19,91.86,92.71,91.43,92.42,375467.0,3116,92.252
2022-08-22,91.6,92.48,90.73,91.57,472491.0,3439,91.951
2022-08-23,92.15,94.22,90.92,91.75,362245.0,2900,92.294
2022-08-24,91.5,92.07,89.86,91.1,366911.0,2909,90.837
2022-08-25,92.0,92.52,89.28,89.4,593855.0,3888,90.471
2022-08-26,88.65,89.36,86.34,86.73,414397.0,3190,87.476
2022-08-29,86.41,86.95,85.41,85.73,329577.0,2570,85.967
2022-08-30,86.36,86.49,84.12,84.82,318529.0,2345,84.864
2022-08-31,84.82,84.9,83.4,83.55,365630.0,2461,83.87
2022-09-01,82.23,83.07,79.42,80.17,440082.0,3419,80.723
2022-09-02,80.5,81.45,79.25,79.59,354081.0,3037,80.12
2022-09-06,80.75,80.75,78.13,78.44,481675.0,3591,78.885
2022-09-07,79.06,79.69,77.8,79.09,377693.0,2935,78.703
2022-09-08,78.23,80.63,78.05,80.6,276296.0,2164,79.898
2022-09-09,81.68,82.27,81.11,81.22,249299.0,1884,81.607
2022-09-12,82.1,82.78,81.15,82.07,273448.0,2119,81.995
2022-09-13,79.94,80.67,79.23,79.44,301668.0,2354,79.896
2022-09-14,79.71,80.14,78.11,78.85,266892.0,2171,79.058
2022-09-15,78.34,78.77,75.73,75.92,900393.0,7183,76.653
2022-09-16,75.61,75.86,74.59,74.99,557792.0,3859,75.112
2022-09-19,74.38,75.08,73.57,74.22,351841.0,2778,74.068
2022-09-20,73.37,74.11,72.63,72.76,425178.0,3340,73.058
2022-09-21,72.97,74.68,72.57,72.59,374976.0,3067,73.491
2022-09-22,72.44,72.48,70.66,71.27,344111.0,2478,71.378
2022-09-23,69.87,70.73,69.17,70.4,442386.0,2940,69.779
2022-09-26,69.86,70.59,68.0,68.66,646177.0,4352,69.072
2022-09-27,69.83,70.51,69.15,70.02,410713.0,3215,69.95
2022-09-28,70.32,71.38,69.32,70.83,463999.0,3151,70.535
2022-09-29,69.87,70.09,68.56,69.49,308214.0,2213,69.232
2022-09-30,69.65,70.84,68.46,68.57,570011.0,1874,70.029
2022-10-03,69.55,71.54,69.19,70.94,248666.0,1820,70.95
2022-10-04,72.19,74.1,72.19,74.03,493373.0,3619,73.421
2022-10-05,73.02,74.73,72.8,74.28,340234.0,2420,73.971
2022-10-06,74.23,74.98,73.33,73.97,278963.0,2272,73.95
2022-10-07,72.99,73.2,71.75,72.7,284966.0,1645,72.425
2022-10-10,72.92,72.92,71.29,72.11,290218.0,2160,71.957
2022-10-11,71.57,72.37,70.39,71.38,508712.0,3954,71.554
2022-10-12,71.89,71.89,68.2,69.48,483263.0,3241,69.451
2022-10-13,68.4,70.2,67.09,69.16,442048.0,3451,68.96
2022-10-14,68.86,69.33,65.66,65.7,678578.0,4347,66.526
2022-10-17,67.34,70.06,67.15,69.75,532453.0,3645,69.272
2022-10-18,71.38,71.9,70.18,71.02,345634.0,2710,71.182
2022-10-19,70.59,71.17,69.79,70.49,187966.0,1593,70.321
2022-10-20,70.33,72.37,69.9,70.33,215571.0,1682,71.247
2022-10-21,70.87,72.3,69.78,71.9,328860.0,2144,71.602
2022-10-24,71.64,72.69,70.7,72.41,200938.0,1487,72.147
2022-10-25,71.95,75.03,71.95,73.92,465732.0,3460,74.047
2022-10-26,73.14,74.36,72.8,73.27,381677.0,2077,73.569
2022-10-27,74.01,74.48,72.84,72.88,453705.0,2951,73.512
2022-10-28,73.39,75.06,72.81,74.85,305664.0,2164,74.477
2022-10-31,74.88,74.95,73.63,74.45,260593.0,1954,74.423
2022-11-01,75.32,75.47,74.18,75.42,236550.0,2072,74.988
2022-11-02,75.4,75.56,73.01,73.22,315059.0,2704,74.234
2022-11-03,72.7,73.22,71.51,72.46,405350.0,3429,72.477
2022-11-04,73.03,73.63,70.78,71.56,799515.0,5240,71.786
2022-11-07,72.44,72.44,69.94,70.38,1175549.0,8210,70.468
2022-11-08,61.0,61.93,58.73,59.0,4096730.0,25071,60.304
2022-11-09,58.01,59.77,55.18,55.25,1862558.0,12274,56.648
2022-11-10,56.73,58.29,55.4,56.55,1677030.0,11113,56.35
2022-11-11,55.31,58.14,55.31,57.73,1100523.0,7430,56.898
2022-11-14,57.8,58.36,56.5,56.59,789668.0,4876,57.32
2022-11-15,57.13,58.6,57.06,57.71,722400.0,5065,57.749
2022-11-16,56.73,57.7,54.4,55.84,795514.0,5520,55.573
2022-11-17,55.41,56.24,55.02,55.47,444803.0,3003,55.538
2022-11-18,55.85,56.45,55.53,56.2,581005.0,4264,56.168
2022-11-21,55.43,56.0,54.59,54.84,585832.0,4739,55.048
2022-11-22,54.96,55.25,54.51,55.0,382811.0,2595,54.904
2022-11-23,55.05,55.57,54.84,55.32,1044151.0,6225,55.237
2022-11-25,55.32,56.47,55.23,55.83,300768.0,1799,56.048
2022-11-28,55.33,55.51,54.21,54.39,515046.0,3877,54.675
2022-11-29,54.3,54.53,53.29,53.53,642520.0,4706,53.68
2022-11-30,53.39,55.1,52.12,54.94,1002295.0,6734,53.312
2022-12-01,55.0,55.5,54.25,54.35,402336.0,3083,54.678
2022-12-02,54.44,55.04,53.54,55.0,513271.0,3749,54.347
2022-12-05,54.72,55.33,54.2,54.45,472223.0,3405,54.543
2022-12-06,54.31,54.42,52.1,52.72,486670.0,3369,52.819
2022-12-07,52.55,53.0,51.68,51.7,543760.0,4142,52.109
2022-12-08,55.13,56.76,54.6,55.71,1027505.0,6881,55.656
2022-12-09,55.36,55.36,54.27,54.41,476458.0,3894,54.638
2022-12-12,54.34,54.6,53.25,54.45,467037.0,3596,53.933
2022-12-13,56.06,56.82,55.07,55.39,776065.0,5662,55.757
2022-12-14,54.98,55.85,54.27,54.46,454094.0,3194,55.121
2022-12-15,53.99,54.02,52.41,52.66,756423.0,3418,52.852
2022-12-16,51.98,52.96,51.8,52.09,530729.0,3548,52.171
2022-12-19,52.02,52.21,50.57,50.8,517944.0,3736,50.929
2022-12-20,49.57,51.45,49.5,50.45,631015.0,4405,50.799
2022-12-21,50.66,51.09,50.2,50.35,404102.0,2742,50.566
2022-12-22,49.78,50.63,48.73,50.6,1018183.0,6097,49.666
2022-12-23,50.67,51.0,49.7,50.56,556707.0,3298,50.423
2022-12-27,50.83,50.89,49.6,50.79,332307.0,2270,50.473
2022-12-28,50.73,51.27,49.35,49.41,339149.0,2490,49.892
2022-12-29,49.74,51.47,49.57,51.39,391802.0,2493,51.067
2022-12-30,50.93,52.45,50.66,52.17,519315.0,3524,51.813
2023-01-03,52.27,52.98,52.2,52.74,369610.0,2864,52.651
2023-01-04,53.31,53.88,52.45,53.12,317025.0,2453,53.308
2023-01-05,52.98,53.45,52.18,53.21,209706.0,1660,52.946
2023-01-06,53.45,55.27,53.2,55.16,377166.0,2572,54.481
2023-01-09,55.98,57.53,55.88,56.51,697435.0,5144,56.857
2023-01-10,56.29,56.73,55.41,56.51,309725.0,2036,56.231
2023-01-11,56.82,57.1,56.18,56.61,252651.0,2012,56.594
2023-01-12,56.97,57.53,56.33,57.25,335567.0,2314,57.094
2023-01-13,56.56,57.62,56.3,57.58,282454.0,1763,57.137
2023-01-17,57.57,58.47,57.47,58.21,309566.0,1789,58.086
2023-01-18,58.32,59.51,58.01,58.47,575799.0,3671,58.697
2023-01-19,58.45,58.78,57.82,58.68,246632.0,1900,58.305
2023-01-20,58.68,59.58,57.95,58.84,497424.0,3511,58.956
2023-01-23,59.34,61.0,59.19,60.3,353202.0,2219,60.294
2023-01-24,59.91,60.57,58.75,58.9,370647.0,2395,59.779
2023-01-25,58.84,59.32,57.71,59.3,493753.0,3594,58.767
2023-01-26,60.05,60.45,59.05,59.87,377018.0,2786,59.76
2023-01-27,59.89,60.67,59.33,60.3,261932.0,1989,60.248
2023-01-30,59.86,59.99,58.86,59.36,363590.0,2529,59.378
2023-01-31,59.02,60.27,59.02,60.18,235151.0,1896,59.9
2023-02-01,59.99,60.98,59.42,60.8,425978.0,3433,60.326
2023-02-02,61.43,63.44,61.28,62.36,699958.0,4585,62.304
2023-02-03,61.53,62.34,60.96,61.94,392549.0,2684,61.734
2023-02-06,61.24,61.85,60.37,60.92,385884.0,2603,60.734
2023-02-07,60.4,61.6,59.69,61.44,527564.0,2967,60.766
2023-02-08,61.31,62.1,60.54,61.17,843607.0,5138,61.219
2023-02-09,59.7,62.37,57.5,60.3,1219278.0,8147,60.536
2023-02-10,58.14,59.96,57.07,59.4,684105.0,5477,59.118
2023-02-13,59.64,59.68,58.39,59.1,580070.0,4016,59.041
2023-02-14,58.42,59.78,57.84,59.32,493254.0,3684,59.023
2023-02-15,58.92,59.94,58.64,59.93,305271.0,2469,59.407
2023-02-16,59.06,59.28,58.29,58.41,357394.0,2463,58.759
2023-02-17,58.36,58.93,57.42,58.16,353125.0,2753,57.973
2023-02-21,57.42,58.1,56.75,56.96,798561.0,5875,57.316
2023-02-22,57.06,57.67,56.69,56.95,495225.0,2926,57.291
2023-02-23,57.72,58.36,56.81,57.9,801220.0,5115,57.365
2023-02-24,56.87,56.87,52.03,53.83,2670437.0,16265,53.859
2023-02-27,54.52,54.56,52.36,52.51,1135282.0,7154,52.954
2023-02-28,52.09,54.82,51.84,53.81,1412048.0,7042,53.698
2023-03-01,54.06,54.2,52.49,52.84,655327.0,4314,53.021
2023-03-02,52.31,53.64,51.6,53.18,767873.0,4729,52.656
2023-03-03,53.89,54.21,53.02,53.91,701377.0,5201,53.804
2023-03-06,54.18,54.7,52.95,53.13,485999.0,3483,53.609
2023-03-07,53.34,53.51,51.3,52.22,565285.0,4320,51.936
2023-03-08,52.0,53.88,52.0,53.85,801904.0,5712,53.389
2023-03-09,54.03,54.99,52.45,52.47,775093.0,5553,53.72
2023-03-10,52.6,52.63,51.13,51.54,735765.0,5118,51.697
2023-03-13,50.75,51.91,49.46,50.34,909138.0,5996,50.778
2023-03-14,51.45,51.75,49.8,50.54,541705.0,3180,50.576
2023-03-15,49.39,50.34,49.26,50.08,763890.0,4689,49.851
2023-03-16,49.49,50.86,48.96,50.6,375732.0,2746,50.176
2023-03-17,50.57,50.65,49.57,49.97,416677.0,2648,50.034
2023-03-20,50.07,51.5,49.76,51.25,511345.0,3972,51.094
2023-03-21,51.73,52.28,50.81,51.98,690118.0,3424,51.572
2023-03-22,52.07,52.61,50.81,50.86,404552.0,3091,51.788
2023-03-23,51.38,52.52,50.7,51.47,441611.0,3437,51.79
2023-03-24,51.4,51.42,50.35,51.39,249271.0,1669,51.029
2023-03-27,51.84,51.99,50.76,51.09,288537.0,2128,51.164
2023-03-28,50.82,51.03,50.0,50.89,305318.0,2326,50.501
2023-03-29,51.2,52.54,51.19,52.24,333759.0,2465,52.047
2023-03-30,53.12,53.31,52.73,53.27,339912.0,2272,53.106
2023-03-31,53.52,54.23,53.52,54.01,319052.0,2206,53.916
2023-04-03,53.83,53.83,52.5,52.95,432540.0,1565,53.17
2023-04-04,52.96,53.15,52.06,52.45,448623.0,1268,52.402
2023-04-05,52.02,52.03,51.16,51.31,252359.0,1547,51.525
2023-04-06,45.92,48.06,45.33,46.33,3121757.0,17616,46.401
2023-04-10,46.08,48.19,45.86,47.47,707963.0,5113,47.5
2023-04-11,47.54,48.06,46.79,46.84,416091.0,3110,47.119
2023-04-12,47.19,47.35,45.19,45.38,586112.0,4003,45.827
2023-04-13,45.72,46.11,45.03,45.63,449937.0,3143,45.608
2023-04-14,45.44,46.12,44.94,45.24,280279.0,1876,45.296
2023-04-17,46.92,46.92,45.57,46.22,872599.0,5307,46.366
2023-04-18,46.85,46.99,45.1,46.49,737675.0,4856,45.803
2023-04-19,45.69,46.55,45.51,46.47,595206.0,4030,46.184
2023-04-20,46.14,46.9,45.93,46.1,359947.0,2846,46.233
2023-04-21,46.1,47.26,45.95,47.05,448840.0,3254,46.898
2023-04-24,46.95,47.67,46.28,47.6,446082.0,3014,47.153
2023-04-25,47.32,48.18,47.06,47.52,569380.0,3927,47.7
2023-04-26,47.53,48.72,47.51,47.9,513759.0,3251,48.104
2023-04-27,48.0,48.58,47.38,48.43,271777.0,1891,48.186
2023-04-28,48.65,48.82,47.87,48.25,347782.0,2665,48.248
2023-05-01,48.25,48.48,47.9,48.3,361323.0,2649,48.276
2023-05-02,47.91,48.0,47.09,47.19,321174.0,2228,47.445
2023-05-03,47.32,49.28,47.23,48.46,589327.0,4453,48.457
2023-05-04,48.1,48.17,46.97,47.5,575567.0,3479,47.521
2023-05-05,48.0,48.23,47.52,47.78,263393.0,2162,47.886
2023-05-08,47.96,48.54,47.68,47.89,864881.0,4407,48.137
2023-05-09,45.0,47.9,45.0,45.99,1546183.0,10271,46.002
2023-05-10,45.2,45.57,43.56,44.56,1433459.0,9105,44.52
2023-05-11,44.51,44.51,43.26,43.3,1195813.0,7827,43.762
2023-05-12,43.3,43.45,42.0,42.22,933776.0,6660,42.638
2023-05-15,42.3,45.55,42.25,45.12,1077448.0,7232,44.628
2023-05-16,44.49,44.77,44.18,44.33,658841.0,3870,44.378
2023-05-17,44.59,46.14,44.54,46.1,504526.0,3591,45.595
2023-05-18,45.98,47.38,45.62,47.37,654125.0,4156,46.662
2023-05-19,47.64,48.04,46.69,46.69,586552.0,3262,47.46
2023-05-22,46.39,48.36,46.26,48.27,480890.0,3337,47.651
2023-05-23,48.3,48.5,46.97,47.06,542790.0,3312,47.661
2023-05-24,46.81,46.81,45.35,45.53,475585.0,3498,45.712
2023-05-25,46.23,48.38,45.66,47.99,649202.0,5007,47.332
2023-05-26,48.6,53.89,48.36,53.63,2366116.0,15204,52.515
2023-05-30,55.25,55.29,52.38,54.86,1917980.0,11374,54.022
2023-05-31,53.94,54.62,52.56,52.9,655640.0,4750,53.119
2023-06-01,52.87,53.61,52.21,52.22,423302.0,3358,52.83
2023-06-02,52.64,53.74,52.27,53.0,867297.0,5070,52.966
2023-06-05,52.59,52.92,50.97,51.42,805661.0,5809,51.59
2023-06-06,50.09,50.65,49.19,50.09,1648608.0,9449,49.822
2023-06-07,50.6,52.12,50.48,50.8,691261.0,4844,51.05
2023-06-08,51.05,51.22,49.65,51.08,718900.0,4684,50.678
2023-06-09,51.52,51.83,50.42,51.06,417820.0,2990,50.889
2023-06-12,51.46,53.86,51.3,53.29,828541.0,5538,53.098
2023-06-13,54.02,54.95,52.56,53.49,1664707.0,9856,53.96
2023-06-14,53.8,57.94,53.75,56.43,4242312.0,23286,56.304
2023-06-15,55.8,57.38,54.76,56.4,1334538.0,7786,56.164
2023-06-16,59.07,59.74,56.58,57.8,1970613.0,12409,57.968
2023-06-20,60.01,65.16,59.94,61.37,5395331.0,30607,62.762
2023-06-21,59.8,60.19,54.94,55.8,3082660.0,20337,56.738
2023-06-22,55.58,57.85,55.28,56.63,1141861.0,8076,56.823
2023-06-23,55.18,56.06,54.64,55.29,1135612.0,7444,55.405
2023-06-26,55.37,56.29,54.69,55.71,867829.0,5555,55.46
2023-06-27,55.76,58.33,54.95,57.91,828928.0,6241,57.273
2023-06-28,56.7,56.96,55.17,56.31,958385.0,5536,56.139
2023-06-29,56.4,57.18,55.87,56.92,639534.0,5109,56.561
2023-06-30,57.69,58.13,56.72,56.73,766349.0,5668,57.45
2023-07-03,57.51,58.09,57.1,57.4,327157.0,2339,57.483
2023-07-05,55.14,55.59,54.14,54.62,1126263.0,8110,54.866
2023-07-06,53.69,54.25,52.99,53.6,821497.0,5780,53.422
2023-07-07,53.22,55.92,53.17,54.4,900208.0,6715,54.849
2023-07-10,54.02,54.64,53.81,54.55,574301.0,3947,54.288
2023-07-11,55.05,55.18,53.55,54.82,707121.0,5203,54.346
2023-07-12,55.33,55.33,53.04,54.48,828037.0,5171,54.329
2023-07-13,55.06,55.6,54.48,55.58,773282.0,5083,55.081
2023-07-14,54.86,54.93,51.18,51.92,2256335.0,13379,52.034
2023-07-17,51.64,52.98,51.27,52.39,762898.0,5368,52.393
2023-07-18,51.08,52.2,50.02,52.1,1490976.0,9358,51.539
2023-07-19,52.85,53.8,52.2,52.98,800078.0,4737,53.117
2023-07-20,51.95,52.83,50.74,52.46,807947.0,5964,52.003
2023-07-21,53.08,53.08,51.66,51.85,475716.0,3939,52.221
2023-07-24,52.14,52.58,51.66,51.89,454676.0,3755,52.021
2023-07-25,52.16,53.5,51.42,53.0,1072051.0,6407,52.518
2023-07-26,53.36,53.36,52.34,52.79,571170.0,4502,52.75
2023-07-27,53.46,53.71,52.37,52.76,670653.0,4877,52.914
2023-07-28,53.27,53.76,52.27,52.36,672514.0,4660,52.734
2023-07-31,52.29,52.97,51.77,52.36,409404.0,2984,52.256
2023-08-01,51.55,51.73,50.82,51.44,894407.0,5252,51.181
2023-08-02,50.55,50.97,50.36,50.51,503636.0,3527,50.558
2023-08-03,50.25,51.09,49.91,50.96,576452.0,4058,50.564
2023-08-04,51.32,52.86,50.57,52.4,684378.0,4308,51.985
2023-08-07,52.3,52.58,52.01,52.36,345576.0,2542,52.327
2023-08-08,51.93,53.23,51.63,52.46,788020.0,5576,52.642
2023-08-09,52.48,52.5,50.13,50.32,718117.0,5447,50.671
2023-08-10,50.5,51.08,49.81,49.91,560563.0,3506,50.257
2023-08-11,49.25,49.79,48.57,49.53,830992.0,6630,49.398
2023-08-14,49.26,50.76,49.0,50.58,479335.0,3759,50.213
2023-08-15,50.15,51.98,49.89,51.34,1429312.0,9067,51.252
2023-08-16,48.44,49.44,45.07,46.81,4361166.0,26017,46.471
2023-08-17,48.85,49.0,44.75,46.2,2514359.0,15753,46.51
2023-08-18,46.36,48.59,45.51,47.98,1583488.0,10961,47.637
2023-08-21,47.82,48.95,47.64,48.66,726284.0,5842,48.305
2023-08-22,49.48,51.5,48.72,51.31,1444929.0,9274,50.759
2023-08-23,51.54,53.61,51.1,53.18,912931.0,6732,52.714
2023-08-24,53.91,54.28,51.78,52.12,1152591.0,7272,52.62
2023-08-25,52.3,52.47,51.5,51.59,633678.0,4887,51.933
2023-08-28,51.37,52.0,50.79,51.08,845375.0,5432,51.166
2023-08-29,51.32,53.55,51.08,52.97,740433.0,5188,52.807
2023-08-30,53.12,53.47,52.21,52.63,446708.0,2773,52.882
2023-08-31,53.55,54.66,53.48,54.13,628249.0,4022,54.252
2023-09-01,54.35,54.4,53.58,53.89,748783.0,4452,53.811
2023-09-05,53.22,53.72,52.59,52.97,499301.0,4023,53.244
2023-09-06,52.79,53.07,52.15,52.33,619972.0,4243,52.535
2023-09-07,50.92,51.57,49.76,49.83,921258.0,6128,50.566
2023-09-08,50.0,50.14,49.35,49.66,417658.0,3247,49.664
2023-09-11,49.98,50.1,48.47,48.52,536660.0,4006,48.724
2023-09-12,48.18,48.67,47.67,47.83,405579.0,2633,48.001
2023-09-13,47.68,47.98,45.58,47.01,963248.0,6105,46.919
2023-09-14,47.26,48.37,47.04,48.24,490755.0,3632,47.87
2023-09-15,48.16,48.74,47.53,48.25,534883.0,3709,48.32
2023-09-18,47.96,48.71,47.45,48.36,478195.0,3259,48.171
2023-09-19,48.5,48.76,47.6,47.86,643241.0,3520,48.003
2023-09-20,48.28,48.94,48.16,48.33,485564.0,3613,48.584
2023-09-21,47.51,47.67,45.8,46.62,882243.0,4710,46.745
2023-09-22,46.97,47.39,46.21,46.41,742695.0,4792,46.711
2023-09-25,45.91,46.56,45.76,45.99,622210.0,3807,46.041
2023-09-26,45.7,45.8,44.58,44.8,1200469.0,6797,45.009
2023-09-27,44.88,45.29,43.41,43.83,1122774.0,6443,44.142
2023-09-28,44.07,45.3,43.89,44.95,892139.0,5224,44.719
2023-09-29,45.62,45.99,44.97,45.18,477879.0,3275,45.497
2023-10-02,45.46,46.14,44.96,45.68,666820.0,4235,45.48
2023-10-03,45.05,45.21,44.03,44.75,608027.0,4038,44.756
2023-10-04,44.53,44.7,42.7,43.07,974390.0,6489,43.219
2023-10-05,42.95,43.03,40.87,41.61,845938.0,5111,41.544
2023-10-06,41.08,41.87,40.8,41.22,670633.0,4530,41.366
2023-10-09,40.88,41.37,40.27,41.26,588709.0,3930,40.981
2023-10-10,42.1,43.36,41.66,42.0,628704.0,4217,42.512
2023-10-11,42.27,42.89,41.91,42.87,461778.0,3746,42.505
2023-10-12,43.07,43.18,41.37,41.83,329928.0,2444,41.957
2023-10-13,41.85,42.28,41.17,41.42,405163.0,2823,41.508
2023-10-16,41.68,42.67,41.51,42.16,854914.0,5242,42.163
2023-10-17,41.26,41.98,40.92,41.25,858920.0,4681,41.473
2023-10-18,40.74,40.84,39.76,39.84,719141.0,4016,40.116
2023-10-19,39.7,40.19,38.96,39.35,931128.0,3702,39.513
2023-10-20,39.25,39.39,38.59,38.64,913895.0,3056,38.975
2023-10-23,38.6,38.6,37.53,37.63,495072.0,3203,37.938
2023-10-24,37.63,38.65,37.57,38.56,562939.0,3485,38.174
2023-10-25,38.25,38.33,36.72,36.93,649802.0,3834,37.321
2023-10-26,36.85,37.11,35.88,36.12,999453.0,6408,36.281
2023-10-27,36.11,36.71,35.35,36.07,556629.0,4061,36.191
2023-10-30,39.95,41.2,39.01,39.79,2274078.0,13089,40.393
2023-10-31,39.76,40.01,38.83,39.21,590375.0,4144,39.263
2023-11-01,39.13,39.13,37.99,38.72,606850.0,4347,38.43
2023-11-02,39.7,40.58,39.02,40.45,625234.0,4701,40.058
2023-11-03,41.26,42.83,40.86,42.76,1040529.0,6676,42.21
2023-11-06,42.49,43.39,42.27,42.34,697189.0,5300,42.756
2023-11-07,42.01,42.58,41.35,42.02,1139093.0,8641,41.997
2023-11-08,44.41,46.4,42.71,42.87,1412069.0,9702,43.729
2023-11-09,42.96,43.45,39.27,39.52,1270588.0,8283,40.239
2023-11-10,39.81,40.81,39.01,40.54,1167132.0,6644,40.118
2023-11-13,40.1,41.54,39.6,40.92,669568.0,4503,40.836
2023-11-14,42.39,43.93,42.39,43.56,1136428.0,7492,43.454
2023-11-15,43.53,45.28,43.22,45.14,924390.0,6185,44.773
2023-11-16,43.72,44.35,43.19,43.77,794790.0,5017,43.871
2023-11-17,44.1,44.19,43.42,44.17,327398.0,2316,43.877
2023-11-20,44.17,44.81,43.95,44.32,362410.0,2336,44.419
2023-11-21,43.87,44.13,42.84,42.94,469820.0,3454,43.178
2023-11-22,43.34,43.9,43.14,43.56,255544.0,2078,43.559
2023-11-24,43.66,44.05,43.19,43.79,114374.0,850,43.739
2023-11-27,43.48,43.89,42.97,43.01,448362.0,2862,43.387
2023-11-28,42.62,42.62,41.55,42.3,688373.0,4686,42.118
2023-11-29,42.76,43.79,42.62,43.1,327849.0,2459,43.18
2023-11-30,43.1,43.27,42.45,42.8,558455.0,4117,42.886
2023-12-01,42.67,44.44,42.49,44.25,591619.0,3980,43.836
2023-12-04,43.87,44.34,42.99,44.08,446236.0,3294,43.764
2023-12-05,43.62,43.66,41.25,41.95,801806.0,4925,42.011
2023-12-06,42.43,43.14,41.05,41.32,649917.0,4847,41.742
2023-12-07,41.37,44.07,41.2,43.55,872477.0,5805,43.336
2023-12-08,43.55,44.79,43.42,44.03,577288.0,4192,44.2
2023-12-11,44.08,45.43,43.93,45.06,743668.0,4750,44.819
2023-12-12,45.07,45.07,43.98,44.86,367927.0,2793,44.608
2023-12-13,44.77,46.55,44.54,46.46,545482.0,3966,45.705
2023-12-14,47.48,49.97,47.12,49.86,1018620.0,6541,49.293
2023-12-15,49.62,49.89,49.01,49.52,669379.0,4402,49.425
2023-12-18,49.52,49.8,48.96,49.65,394918.0,2698,49.533
2023-12-19,50.01,50.64,49.64,50.48,383862.0,2651,50.289
2023-12-20,50.14,51.47,49.37,50.06,705774.0,5236,50.67
2023-12-21,50.94,51.7,50.45,51.5,407097.0,2977,51.236
2023-12-22,53.5,54.6,52.84,53.0,873530.0,6041,53.344
2023-12-26,53.1,54.06,52.85,53.51,451586.0,2884,53.562
2023-12-27,53.74,53.83,52.91,53.38,211978.0,1559,53.301
2023-12-28,53.27,53.57,52.96,53.26,182355.0,1189,53.204
2023-12-29,52.95,53.44,52.33,52.42,345637.0,2634,52.703
2024-01-02,52.0,52.84,51.58,52.04,623166.0,4398,52.191
2024-01-03,50.81,51.64,49.87,49.95,474243.0,3472,50.734
2024-01-04,49.82,50.22,48.86,50.2,390750.0,2495,49.803
2024-01-05,50.02,51.01,49.48,50.47,496234.0,3695,50.307
2024-01-08,50.75,52.0,50.72,51.17,537321.0,3501,51.393
2024-01-09,50.21,51.83,50.17,51.78,395260.0,2246,51.245
2024-01-10,51.74,52.39,51.19,52.0,314572.0,2643,52.041
2024-01-11,51.83,51.91,50.76,51.44,189846.0,1468,51.281
2024-01-12,52.28,52.28,50.69,50.7,332260.0,2326,51.281
2024-01-16,49.9,53.07,49.56,52.65,640684.0,3761,51.734
2024-01-17,51.41,52.08,50.69,51.58,267166.0,2048,51.362
2024-01-18,52.55,52.91,51.9,52.83,288832.0,2006,52.581
2024-01-19,52.92,54.12,52.54,53.8,817288.0,4959,53.521
2024-01-22,54.29,55.19,53.97,54.18,562224.0,3351,54.404
2024-01-23,54.9,55.25,53.5,54.3,513965.0,2962,54.194
2024-01-24,54.75,55.83,54.2,54.61,456119.0,3400,55.056
2024-01-25,55.64,56.82,55.5,55.92,1115505.0,6257,56.158
2024-01-26,55.88,56.71,55.27,55.27,700047.0,4676,56.073
2024-01-29,55.4,57.24,55.27,56.93,751775.0,4133,56.616
2024-01-30,56.37,56.8,55.72,55.74,698559.0,5124,56.352
2024-01-31,55.89,56.5,54.48,54.94,623821.0,4591,55.659
2024-02-01,55.28,56.37,55.0,56.15,502328.0,3982,55.89
2024-02-02,55.55,57.0,55.38,56.48,733468.0,5313,56.487
2024-02-05,55.92,56.06,54.47,55.6,453717.0,3596,55.406
2024-02-06,59.76,60.99,58.25,58.84,2491448.0,12887,59.255
2024-02-07,58.84,60.94,58.19,58.77,2553301.0,15860,59.626
2024-02-08,51.26,51.32,45.38,45.59,7612491.0,41922,47.81
2024-02-09,45.81,50.8,45.81,50.2,3343188.0,17190,49.333
2024-02-12,50.58,52.19,49.34,50.34,1530483.0,11054,51.027
2024-02-13,48.5,49.29,47.16,47.59,917065.0,6284,47.952
2024-02-14,48.4,50.19,47.9,49.59,963376.0,6566,49.563
2024-02-15,49.88,50.51,49.07,49.19,864485.0,6061,49.555
2024-02-16,48.49,50.87,48.36,49.77,984015.0,6922,49.806
2024-02-20,49.11,49.66,48.01,49.33,681449.0,4889,48.994
2024-02-21,48.7,48.95,47.61,48.01,589113.0,4432,48.168
2024-02-22,48.72,50.48,48.59,50.12,823407.0,5765,49.817
2024-02-23,49.8,49.8,47.84,49.08,690773.0,4906,48.738
2024-02-26,48.91,50.0,48.59,49.42,719548.0,4121,49.588
2024-02-27,49.91,49.96,48.02,48.39,557615.0,4184,48.412
2024-02-28,47.82,47.85,46.86,47.17,521485.0,3867,47.319
2024-02-29,47.55,48.99,47.5,48.47,581626.0,4047,48.275
2024-03-01,48.89,50.6,48.17,50.49,2141036.0,6218,49.493
2024-03-04,51.0,53.17,50.61,50.76,1148742.0,7455,51.589
2024-03-05,50.15,51.9,49.73,50.79,540568.0,4166,51.088
2024-03-06,51.51,51.78,50.26,50.33,766244.0,4841,51.112
2024-03-07,49.83,50.06,47.95,48.86,1161058.0,7884,48.755
2024-03-08,49.64,50.49,47.49,47.68,877096.0,5998,48.542
2024-03-11,47.29,47.76,46.62,46.87,414511.0,3056,47.095
2024-03-12,46.99,47.76,46.6,46.88,384974.0,2812,46.978
2024-03-13,46.67,47.28,46.19,47.06,574910.0,3167,46.742
2024-03-14,46.81,47.2,45.75,46.25,1009356.0,6280,46.509
2024-03-15,45.78,46.19,45.1,45.55,668107.0,3571,45.561
2024-03-18,45.62,47.12,45.57,46.79,772389.0,4820,46.603
2024-03-19,46.27,46.61,45.45,46.52,679637.0,3829,46.168
2024-03-20,46.54,49.3,46.44,48.81,854961.0,5272,48.059
2024-03-21,49.59,51.47,49.45,50.56,782305.0,5105,50.712
2024-03-22,50.39,51.01,49.63,50.88,765246.0,4641,50.493
2024-03-25,50.62,51.14,49.98,51.08,416316.0,3146,50.697
2024-03-26,51.3,52.08,48.31,48.41,1279765.0,7334,49.972
2024-03-27,48.66,48.91,47.56,48.45,1005277.0,6036,48.312
2024-03-28,48.16,48.46,47.15,47.35,678157.0,5328,47.576
2024-04-01,47.59,48.44,47.08,48.15,536389.0,3222,47.772
2024-04-02,47.54,47.67,46.53,47.5,671020.0,4231,47.193
2024-04-03,47.4,48.31,46.85,47.85,366030.0,2376,47.685
2024-04-04,48.72,48.72,46.34,46.5,298423.0,2044,47.14
2024-04-05,46.43,46.62,45.75,45.9,348086.0,2638,46.06
2024-04-08,46.03,46.61,45.83,45.89,279388.0,1821,46.051
2024-04-09,45.89,47.38,45.89,47.25,418918.0,2470,46.912
2024-04-10,45.86,46.49,44.82,45.34,412114.0,2598,45.414
2024-04-11,45.29,45.7,44.57,45.18,526766.0,3562,45.18
2024-04-12,44.47,44.76,43.3,43.45,362000.0,2659,43.702
2024-04-15,43.75,43.92,41.76,41.81,492305.0,3727,42.466
2024-04-16,42.05,43.45,41.95,43.31,911707.0,5111,42.879
2024-04-17,43.35,43.81,41.95,41.98,388177.0,2868,42.487
2024-04-18,41.97,43.06,41.67,42.44,594014.0,3495,42.441
2024-04-19,42.43,43.05,41.69,41.74,654016.0,4668,42.236
2024-04-22,41.8,41.96,40.74,41.34,495572.0,3545,41.273
2024-04-23,41.2,42.67,41.2,42.01,641061.0,3962,42.138
2024-04-24,42.03,42.62,41.75,42.06,445929.0,2530,42.102
2024-04-25,41.77,42.31,41.43,42.01,428944.0,3576,41.937
2024-04-26,42.16,43.57,42.03,43.42,337596.0,2697,43.037
2024-04-29,43.48,44.3,43.35,43.52,310589.0,2322,43.607
2024-04-30,43.16,44.37,43.16,43.76,665840.0,4512,44.057
2024-05-01,43.3,45.22,43.08,43.52,527702.0,3331,43.921
2024-05-02,44.44,44.44,42.6,44.29,338216.0,2379,43.609
2024-05-03,45.76,46.2,44.35,44.74,1026776.0,7330,45.28
2024-05-06,45.48,45.48,43.95,44.11,1925642.0,14075,44.469
2024-05-07,47.41,48.12,41.32,41.4,2831495.0,16635,43.45
2024-05-08,41.03,43.21,40.81,42.59,1836221.0,8988,42.37
2024-05-09,42.39,43.93,41.84,43.61,776867.0,5118,43.189
2024-05-10,43.7,44.1,43.33,43.79,417575.0,2819,43.696
2024-05-13,43.93,45.39,43.77,44.0,507622.0,2861,44.345
2024-05-14,44.47,45.14,44.27,44.61,389789.0,2806,44.701
2024-05-15,45.2,45.85,44.54,45.72,602798.0,2662,45.285
2024-05-16,45.66,46.94,44.79,46.8,624866.0,2853,45.815
2024-05-17,46.94,47.36,45.94,46.05,442389.0,3062,46.361
2024-05-20,46.01,47.52,45.94,47.19,505681.0,3807,47.125
2024-05-21,46.76,46.76,45.66,46.01,313134.0,2373,46.124
2024-05-22,46.17,46.41,45.2,45.49,414969.0,3320,45.64
2024-05-23,45.97,46.61,45.19,45.92,585610.0,3532,45.781
2024-05-24,46.19,46.5,45.44,46.28,504089.0,3172,46.049
2024-05-28,46.6,46.64,44.83,44.88,645735.0,3161,45.334
2024-05-29,44.04,44.27,43.38,43.43,475131.0,3109,43.751
2024-05-30,43.61,43.88,42.86,43.36,393632.0,2967,43.339
2024-05-31,43.54,43.88,42.19,43.5,411146.0,3013,42.84
2024-06-03,44.19,44.85,43.34,44.21,478569.0,3354,44.341
2024-06-04,43.68,43.68,42.97,43.02,350321.0,2381,43.26
2024-06-05,43.34,45.47,43.2,45.4,349849.0,2541,44.666
2024-06-06,45.81,46.46,45.26,45.59,368539.0,2644,45.688
2024-06-07,44.97,45.83,44.82,45.79,308083.0,2312,45.464
2024-06-10,45.1,47.12,45.1,46.97,413528.0,3010,46.553
2024-06-11,46.67,46.72,44.94,45.47,391304.0,2512,45.435
2024-06-12,46.61,48.39,46.37,46.91,640301.0,3520,47.056
2024-06-13,46.8,47.71,45.96,47.55,332043.0,2104,47.076
2024-06-14,47.0,47.47,46.38,47.28,203908.0,1535,47.187
2024-06-17,47.28,50.08,47.06,50.0,640563.0,3600,48.95
2024-06-18,50.01,50.73,49.42,49.58,579289.0,2789,49.956
2024-06-20,49.4,49.57,47.83,47.91,462771.0,3380,48.339
2024-06-21,47.92,48.99,47.53,48.66,398114.0,2959,48.418
2024-06-24,48.72,49.43,47.52,47.58,204859.0,1360,48.33
2024-06-25,47.58,49.47,47.2,49.19,295927.0,2307,49.015
2024-06-26,49.04,49.34,48.39,49.13,333096.0,2688,48.875
2024-06-27,49.0,49.13,47.84,49.04,307519.0,2048,48.556
2024-06-28,49.4,51.5,49.1,50.92,761506.0,4852,50.37
2024-07-01,50.63,51.77,50.47,51.43,611071.0,4364,51.145
2024-07-02,51.3,54.0,51.3,53.94,893443.0,4956,53.296
2024-07-03,54.08,54.52,53.8,54.24,296284.0,2234,54.257
2024-07-05,54.14,55.43,53.76,55.35,332337.0,2568,54.84
2024-07-08,55.8,57.54,55.4,56.19,865647.0,4821,56.453
2024-07-09,56.11,56.49,55.03,55.84,406299.0,2786,55.649
2024-07-10,56.26,56.54,55.33,56.26,456623.0,2005,56.213
2024-07-11,56.8,57.56,56.05,57.33,752237.0,4980,56.958
2024-07-12,57.75,60.4,57.43,59.24,895824.0,3697,59.37
2024-07-15,59.15,59.63,57.83,57.97,532103.0,3860,58.655
2024-07-16,58.27,59.19,57.13,59.09,916695.0,4747,58.259
2024-07-17,58.33,58.62,56.87,57.41,862690.0,5616,57.64
2024-07-18,57.5,57.93,54.5,55.5,805346.0,5755,55.854
2024-07-19,55.51,55.73,54.3,54.77,492160.0,3749,54.894
2024-07-22,55.62,55.83,54.55,55.42,648025.0,4131,55.185
2024-07-23,54.86,55.45,54.03,54.8,557231.0,4020,54.525
2024-07-24,54.12,54.82,52.67,52.71,974532.0,4580,53.4
2024-07-25,52.78,52.78,50.71,50.83,854343.0,6255,51.581
2024-07-26,51.45,51.86,50.54,51.83,787497.0,4757,51.276
2024-07-29,52.01,52.92,51.48,51.8,329736.0,2054,51.954
2024-07-30,51.86,52.24,48.56,49.05,1025525.0,6297,49.673
2024-07-31,50.36,52.91,50.01,51.78,1232829.0,6189,51.66
2024-08-01,52.12,52.91,47.66,48.01,1395918.0,7887,49.713
2024-08-02,46.3,47.03,44.29,44.33,1104704.0,7327,45.481
2024-08-05,40.7,42.14,38.28,41.47,2433279.0,13792,40.677
2024-08-06,41.81,43.08,40.96,41.59,1117273.0,7643,41.962
2024-08-07,42.65,43.98,40.26,40.28,843266.0,5560,41.926
2024-08-08,42.12,43.42,40.9,43.34,879386.0,5247,42.46
2024-08-09,43.22,43.66,42.05,43.25,568502.0,3660,43.172
2024-08-12,43.77,45.91,43.28,44.94,961621.0,6536,44.998
2024-08-13,45.49,46.57,44.77,46.24,1577281.0,8547,46.147
2024-08-14,46.37,47.5,45.5,45.53,1464821.0,8680,46.028
2024-08-15,51.25,53.39,50.58,52.26,5149867.0,25017,52.132
2024-08-16,52.27,54.16,51.45,51.98,1458267.0,9547,52.35
2024-08-19,51.98,52.85,51.14,52.82,1261660.0,6912,52.049
2024-08-20,53.11,57.08,53.0,56.09,1704547.0,10033,55.843
2024-08-21,55.28,57.11,54.68,56.39,1068173.0,5719,56.124
2024-08-22,57.1,57.65,55.49,55.59,773745.0,4909,56.454
2024-08-23,55.99,59.18,55.78,59.17,1206378.0,7117,58.237
2024-08-26,58.72,58.75,56.14,56.41,852499.0,5668,56.816
2024-08-27,55.29,57.75,55.07,57.48,499021.0,3304,57.085
2024-08-28,57.4,57.77,55.69,56.57,508603.0,2591,56.442
2024-08-29,56.81,58.01,55.87,56.53,834991.0,4808,57.118
2024-08-30,57.09,57.79,56.53,57.61,664711.0,4139,57.358
2024-09-03,57.0,57.1,52.9,53.01,1118470.0,8073,53.787
2024-09-04,52.6,56.01,52.51,55.43,961815.0,5662,54.91
2024-09-05,55.41,55.88,54.11,55.08,389551.0,3036,55.003
2024-09-06,54.91,55.0,51.68,52.11,691494.0,5186,52.509
2024-09-09,52.24,52.4,50.59,51.2,820799.0,4391,51.31
2024-09-10,51.08,51.77,50.29,51.1,388354.0,2697,50.955
2024-09-11,51.25,54.02,50.84,53.95,412516.0,3144,52.833
2024-09-12,54.14,55.17,53.42,54.25,515523.0,3794,54.48
2024-09-13,54.72,56.62,54.68,55.78,594753.0,3977,55.789
2024-09-16,55.11,56.83,54.4,56.59,1019263.0,4122,56.147
2024-09-17,57.0,58.52,56.84,58.37,964175.0,6273,57.874
2024-09-18,58.58,59.93,57.82,58.28,792273.0,4845,58.755
2024-09-19,60.07,62.21,58.98,61.14,1815153.0,9907,60.539
2024-09-20,61.0,61.45,59.75,61.35,544221.0,3945,60.832
2024-09-23,61.17,62.15,60.39,61.23,597111.0,3881,60.872
2024-09-24,61.48,62.08,59.81,60.79,1629989.0,7851,61.012
2024-09-25,60.6,61.63,60.08,60.95,1027253.0,5667,60.932
2024-09-26,62.41,65.24,62.31,64.74,1569446.0,7773,64.222
2024-09-27,65.02,65.52,63.53,64.53,1640099.0,9615,64.39
2024-09-30,63.9,64.13,62.34,63.38,622023.0,3095,63.079
2024-10-01,63.56,64.13,60.84,61.49,681661.0,4769,61.831
2024-10-02,61.41,65.01,61.41,65.0,726609.0,4604,64.216
2024-10-03,63.88,66.22,63.72,66.16,868414.0,5782,65.607
2024-10-04,67.99,68.81,66.68,68.8,1563307.0,8700,67.831
2024-10-07,67.94,68.77,65.76,67.27,1223951.0,7606,67.61
2024-10-08,67.33,68.74,66.88,67.75,695435.0,5082,67.906
2024-10-09,67.5,68.18,66.84,67.68,604076.0,3954,67.695
2024-10-10,67.11,67.92,66.47,67.1,759134.0,5675,67.026
2024-10-11,66.85,68.65,66.85,68.24,642600.0,3555,68.087
2024-10-14,68.68,69.4,67.88,69.23,766498.0,4792,68.866
2024-10-15,69.4,70.09,66.3,66.58,931707.0,6637,67.5
2024-10-16,67.43,69.16,66.79,68.78,927043.0,6753,68.523
2024-10-17,69.87,71.07,69.14,69.62,1499642.0,9601,70.028
2024-10-18,69.66,69.96,66.09,66.23,937153.0,6374,67.272
2024-10-21,65.11,65.82,63.46,65.56,1052600.0,6665,64.862
2024-10-22,65.9,67.72,65.2,66.54,860410.0,4673,66.649
2024-10-23,65.97,67.54,65.05,65.66,604165.0,3719,66.113
2024-10-24,66.14,66.21,64.23,64.64,548540.0,3723,64.93
2024-10-25,65.08,65.08,63.7,64.37,380938.0,2822,64.357
2024-10-28,65.06,65.7,64.46,64.96,355701.0,2060,65.1
2024-10-29,65.15,66.59,64.87,65.76,580908.0,4377,65.83
2024-10-30,64.76,66.28,64.62,65.35,334595.0,2683,65.556
2024-10-31,65.09,65.09,62.78,63.87,699429.0,4078,63.528
2024-11-01,63.14,65.69,62.38,65.35,807317.0,4338,64.666
2024-11-04,65.06,65.64,64.13,64.17,665218.0,3494,64.866
2024-11-05,64.93,66.64,64.6,66.18,899348.0,5304,65.66
2024-11-06,67.97,72.77,67.9,71.97,2428655.0,12232,70.937
2024-11-07,73.07,73.9,72.07,73.64,1502197.0,10492,73.291
2024-11-08,86.5,88.0,81.03,83.85,4086962.0,25046,84.205
2024-11-11,85.01,89.7,84.86,86.72,1845243.0,10404,87.08
2024-11-12,86.04,88.69,85.87,86.65,1199373.0,6592,86.757
2024-11-13,87.16,88.53,86.5,88.06,887306.0,5966,87.769
2024-11-14,88.12,88.85,84.99,85.13,958558.0,5769,86.635
2024-11-15,83.6,84.45,79.94,81.45,1098972.0,7229,81.506
2024-11-18,81.95,82.03,80.01,80.54,865224.0,5263,81.038
2024-11-19,79.68,82.97,79.0,82.48,753719.0,4804,82.031
2024-11-20,81.65,83.12,80.22,82.47,1033621.0,5232,81.674
2024-11-21,86.32,90.51,84.72,85.61,1978136.0,12160,87.915
2024-11-22,85.82,89.64,85.22,89.09,1153126.0,7741,88.303
2024-11-25,89.59,91.21,86.95,87.2,1607165.0,8884,88.61
2024-11-26,87.59,88.94,86.52,86.98,530556.0,3415,87.214
2024-11-27,86.01,87.0,82.61,83.77,922501.0,5996,84.1
2024-11-29,84.63,87.23,83.91,86.97,532168.0,3907,86.045
2024-12-02,87.19,88.34,86.14,86.37,479127.0,3185,86.926
2024-12-03,86.96,89.92,86.24,88.7,832382.0,5142,88.761
2024-12-04,90.0,95.92,89.75,94.9,2059152.0,11166,93.96
2024-12-05,94.08,95.3,92.28,92.64,828732.0,5163,93.488
2024-12-06,93.21,94.22,91.55,92.84,636754.0,4353,92.545
2024-12-09,93.38,93.38,88.8,89.8,566177.0,4243,90.078
2024-12-10,89.8,90.16,86.21,86.97,676051.0,5013,87.376
2024-12-11,88.0,89.9,86.99,88.2,819069.0,5737,88.537
2024-12-12,89.87,94.82,89.0,90.75,969791.0,6434,92.059
2024-12-13,93.5,96.25,91.1,92.92,877644.0,6154,93.155
2024-12-16,93.08,95.68,92.61,93.18,957141.0,6555,93.988
2024-12-17,91.4,92.18,88.5,88.92,595846.0,3830,89.332
2024-12-18,89.97,90.47,81.38,82.9,1714332.0,12034,85.341
2024-12-19,84.4,87.39,82.61,83.56,778297.0,5310,84.066
2024-12-20,82.3,86.55,81.86,85.08,616617.0,4405,85.156
2024-12-23,85.25,86.43,82.89,83.22,853537.0,6671,83.89
2024-12-24,82.9,84.53,81.65,84.34,283547.0,1923,83.582
2024-12-26,83.63,86.4,83.03,85.69,365047.0,2666,85.378
2024-12-27,84.73,85.93,83.26,84.36,298797.0,2079,84.334
2024-12-30,83.21,84.88,82.03,83.84,365641.0,2727,83.702
2024-12-31,83.97,85.5,83.23,83.95,445516.0,3316,84.117
2025-01-02,84.16,86.27,82.31,85.6,882371.0,5810,85.163
2025-01-03,86.36,89.61,86.28,89.35,910072.0,5397,88.439
2025-01-06,90.91,92.76,89.87,90.44,1145438.0,6848,91.17
2025-01-07,90.78,91.33,85.4,86.59,1188059.0,5903,86.995
2025-01-08,85.77,86.66,83.23,85.19,607736.0,4391,84.613
2025-01-10,83.36,86.02,82.7,84.38,773196.0,5304,84.219
2025-01-13,82.0,83.98,80.0,83.74,1312279.0,8661,82.113
2025-01-14,85.1,87.24,84.65,85.08,725317.0,5424,85.632
2025-01-15,88.15,89.21,86.16,88.4,685977.0,4034,87.771
2025-01-16,89.28,90.87,87.76,89.36,962980.0,6880,89.392
2025-01-17,94.13,94.69,91.64,94.41,1131448.0,7763,93.573
2025-01-21,95.0,97.76,93.83,97.45,1035947.0,5878,95.854
2025-01-22,99.49,104.0,99.1,100.38,1103164.0,7540,100.828
2025-01-23,98.72,100.71,98.24,99.33,677316.0,4645,99.717
2025-01-24,100.0,100.64,95.47,95.65,1014916.0,7177,97.372
2025-01-27,88.73,88.85,71.05,74.17,5225399.0,30226,76.848
2025-01-28,76.8,78.06,74.91,77.8,1981173.0,13173,76.659
2025-01-29,78.11,80.87,77.4,77.91,982258.0,6825,78.486
2025-01-30,83.01,88.99,83.01,83.98,1668010.0,11494,84.784
2025-01-31,85.3,88.0,84.54,85.06,1237687.0,9647,86.169
2025-02-03,80.18,85.96,78.8,84.31,924263.0,6722,83.941
2025-02-04,86.2,88.03,84.39,86.33,1774428.0,11469,86.275
2025-02-05,87.0,90.65,86.0,89.19,1416890.0,10259,89.008
2025-02-06,93.84,95.0,88.15,92.67,3031877.0,20629,91.418
2025-02-07,87.11,91.49,84.34,85.9,4173589.0,29694,86.904
2025-02-10,86.03,86.36,81.69,81.93,2079835.0,14402,83.018
2025-02-11,80.55,81.78,79.47,79.6,1190949.0,7822,80.226
2025-02-12,77.83,80.55,76.58,79.22,1119090.0,7735,79.152
2025-02-13,79.3,80.85,76.57,78.13,1204204.0,8150,78.081
2025-02-14,77.59,79.14,75.52,77.68,1118509.0,7961,77.868
2025-02-18,78.44,81.16,77.21,80.22,985019.0,6602,79.852
2025-02-19,79.38,79.84,76.53,77.29,921481.0,5943,77.433
2025-02-20,77.39,77.42,73.36,76.34,1985891.0,13097,75.054
2025-02-21,77.0,79.47,73.21,73.35,1178004.0,7542,74.857
2025-02-24,73.56,75.89,71.0,72.47,1816471.0,10880,73.136
2025-02-25,72.05,72.14,67.66,70.39,2027899.0,15215,70.232
2025-02-26,72.18,75.63,71.98,72.5,1121226.0,8335,73.351
2025-02-27,75.38,75.57,69.45,69.62,1226974.0,9167,71.18
2025-02-28,68.54,70.62,66.62,70.33,1601033.0,11279,69.525
2025-03-03,71.44,71.44,64.38,65.69,1790534.0,12610,66.476
2025-03-04,62.96,66.89,61.34,65.09,2096333.0,14133,64.123
2025-03-05,65.14,67.97,63.54,67.34,1460488.0,10722,66.275
2025-03-06,64.57,66.78,60.91,61.09,1584783.0,10445,62.978
2025-03-07,61.66,62.86,57.85,62.11,1869635.0,13003,60.982
2025-03-10,59.66,60.75,55.96,57.41,2371495.0,17421,57.482
2025-03-11,59.51,64.54,58.8,62.05,3183596.0,22882,62.096
2025-03-12,65.09,66.27,63.85,64.02,2374602.0,14708,64.781
2025-03-13,63.17,63.19,58.7,60.29,1589022.0,10241,60.372
2025-03-14,61.82,63.67,60.53,63.61,1386302.0,9642,62.996
2025-03-17,63.96,68.44,63.67,68.31,2158275.0,13350,66.975
2025-03-18,67.5,68.98,63.37,65.88,3033375.0,19070,66.401
2025-03-19,67.05,69.61,65.21,67.17,1455747.0,9526,67.432
2025-03-20,65.91,70.06,65.91,68.83,1285771.0,9665,69.116
2025-03-21,67.15,67.91,66.33,66.61,756783.0,5061,66.974
2025-03-24,70.56,73.71,70.4,73.63,1546844.0,10295,72.466
2025-03-25,72.68,73.6,69.78,71.07,798381.0,5549,71.092
2025-03-26,71.0,71.02,65.53,66.11,1623080.0,10438,66.898
2025-03-27,65.0,65.26,63.0,63.98,1086418.0,6970,64.164
2025-03-28,63.24,64.55,61.57,62.58,865789.0,5678,62.388
2025-03-31,60.85,62.53,59.25,62.34,902427.0,6816,61.508
2025-04-01,62.03,63.91,59.83,63.59,2019246.0,13393,62.435
2025-04-02,61.84,68.9,61.64,66.82,2843515.0,16675,67.063
2025-04-03,61.4,61.6,53.06,53.45,3674791.0,24074,56.178
2025-04-04,51.44,51.72,45.65,49.56,3954677.0,24337,48.958
2025-04-07,48.01,57.4,47.05,52.26,3354859.0,23203,52.528
2025-04-08,55.83,56.66,48.51,50.02,3080126.0,21062,53.228
2025-04-09,49.56,62.88,48.88,59.81,3591308.0,23803,57.606
2025-04-10,57.59,57.9,52.94,54.47,2130590.0,16775,54.964
2025-04-11,53.31,53.83,50.63,51.27,3199181.0,24402,51.915
2025-04-14,54.92,55.65,51.41,52.36,2050867.0,14564,52.778
2025-04-15,52.6,54.16,52.57,52.69,1129270.0,7873,53.175
2025-04-16,50.25,52.62,50.25,52.21,1227824.0,9672,51.513
2025-04-17,52.25,52.46,50.69,52.0,463396.0,3633,51.69
2025-04-21,50.27,50.7,49.13,50.07,921415.0,6509,49.813
2025-04-22,51.35,52.39,50.46,51.64,829951.0,6371,51.641
2025-04-23,55.03,60.28,55.02,55.17,1537304.0,10355,57.624
2025-04-24,55.29,59.2,55.0,58.77,1329714.0,9984,58.345
2025-04-25,58.82,61.1,57.88,60.0,773994.0,5552,59.831
2025-04-28,59.58,60.76,58.86,60.08,849072.0,6567,59.746
2025-04-29,59.76,60.82,59.24,59.96,583699.0,3996,60.225
2025-04-30,57.49,59.25,56.8,59.04,799667.0,5753,58.293
2025-05-01,61.96,64.41,61.45,61.52,1358510.0,9727,62.973
2025-05-02,63.35,64.59,62.3,62.86,1431964.0,8973,63.533
2025-05-05,61.49,63.83,61.49,63.17,1042753.0,7844,63.175
2025-05-06,60.87,64.6,60.5,64.42,2940062.0,19332,63.502
2025-05-07,66.17,67.06,60.38,66.24,3459838.0,22654,64.584
2025-05-08,67.89,68.25,64.89,65.66,2235499.0,14631,66.43
2025-05-09,66.07,66.83,63.98,64.87,1440465.0,10158,65.113
2025-05-12,70.79,72.15,69.26,71.73,2230329.0,14853,70.827
2025-05-13,71.8,75.25,71.37,74.51,1694166.0,10461,73.952
2025-05-14,74.94,78.6,74.82,78.29,3116906.0,21159,77.188
2025-05-15,76.87,79.0,76.55,77.76,1376173.0,9826,77.885
2025-05-16,77.98,78.93,75.76,77.95,1456405.0,9083,77.423
2025-05-19,75.88,77.95,75.75,77.87,570078.0,4260,77.272
2025-05-20,77.02,77.43,76.28,77.11,533339.0,3871,76.968
2025-05-21,76.93,78.49,75.18,75.95,987055.0,6360,76.851
2025-05-22,75.7,76.9,75.29,75.88,647003.0,4756,76.221
2025-05-23,73.89,75.9,73.59,75.77,561747.0,4194,75.083
2025-05-27,77.4,79.68,76.68,78.37,854881.0,5564,78.445
2025-05-28,78.64,79.2,76.87,77.9,872592.0,5162,77.934
2025-05-29,80.0,80.0,75.12,75.41,1099798.0,7670,76.511
2025-05-30,74.08,74.49,71.04,72.28,1752470.0,11794,72.138
2025-06-02,73.0,76.26,72.29,75.86,816676.0,5999,74.796
2025-06-03,76.12,79.35,75.62,77.65,1015741.0,7224,78.125
2025-06-04,83.97,84.04,79.49,80.28,2970861.0,17128,81.667
2025-06-05,82.01,84.99,81.1,81.64,2221237.0,14084,82.941
2025-06-06,83.0,83.45,80.43,81.46,872931.0,6054,81.42
2025-06-09,82.27,83.37,80.66,82.11,608657.0,4882,82.532
2025-06-10,83.74,83.74,80.39,81.96,1195121.0,8308,81.552
2025-06-11,83.67,84.2,81.04,82.36,990380.0,5732,82.554
2025-06-12,82.49,86.42,82.0,85.5,1137377.0,8188,85.16
2025-06-13,83.2,84.5,81.93,82.47,834304.0,6227,83.118
2025-06-16,83.42,88.21,83.42,85.78,1363731.0,8450,86.486
2025-06-17,84.64,87.13,83.59,86.34,1074761.0,6816,85.968
2025-06-18,87.35,90.2,86.57,88.46,1555846.0,11129,88.917
2025-06-20,90.34,90.65,88.08,89.66,1066474.0,6714,89.275
2025-06-23,88.88,89.89,86.63,89.16,865311.0,5439,88.715
2025-06-24,90.4,92.53,89.61,91.81,1324407.0,8522,91.715
2025-06-25,92.93,93.36,91.22,91.77,724893.0,5462,92.041
2025-06-26,92.53,94.94,92.4,94.71,943483.0,6251,94.135
2025-06-27,94.81,95.43,92.77,94.75,1274490.0,9699,94.2
2025-06-30,95.15,96.68,94.26,95.06,1157064.0,8186,95.206
2025-07-01,92.97,93.61,88.74,91.49,1739408.0,11824,91.097
2025-07-02,90.14,91.29,88.37,91.24,1594756.0,12225,90.224
2025-07-03,91.14,93.68,90.96,92.75,504653.0,3965,92.792
2025-07-07,91.66,92.48,89.82,91.08,744472.0,5891,91.231
2025-07-08,92.9,94.08,90.66,91.31,894895.0,7001,92.161
2025-07-09,91.46,91.77,89.01,90.44,1081733.0,7098,90.205
2025-07-10,90.8,92.78,88.93,92.62,1071358.0,8282,91.458
2025-07-11,92.19,94.15,91.92,92.99,720768.0,5557,93.318
2025-07-14,92.75,93.86,90.98,92.24,873609.0,6765,92.701
2025-07-15,95.85,98.55,94.32,98.14,2016345.0,13878,97.099
2025-07-16,98.1,99.68,95.18,99.63,1029157.0,7664,97.738
2025-07-17,99.63,103.02,99.29,102.64,1337297.0,8842,101.672
2025-07-18,103.43,103.9,100.41,102.22,929275.0,6933,101.994
2025-07-21,102.22,105.47,100.53,103.84,1386978.0,9513,104.222
2025-07-22,103.13,103.48,97.55,99.63,1976543.0,9812,99.805
2025-07-23,101.67,104.61,99.92,102.13,1004497.0,6664,102.885
2025-07-24,102.52,103.65,101.8,102.85,658718.0,4363,102.778
2025-07-25,102.88,104.63,101.22,104.52,437402.0,3204,103.808
2025-07-28,105.02,107.24,104.5,107.17,635849.0,4513,106.064
2025-07-29,109.38,112.1,108.01,109.48,1407204.0,9773,110.22
2025-07-30,109.4,111.24,107.89,109.85,1125386.0,7655,109.675
2025-07-31,110.68,114.12,109.65,110.08,1243624.0,8191,111.72
2025-08-01,103.84,108.45,101.61,106.68,1459544.0,9766,105.439
2025-08-04,108.8,111.2,107.02,111.13,730859.0,5171,110.275
2025-08-05,111.73,111.99,106.16,108.15,891914.0,6228,108.216
2025-08-06,109.58,110.92,108.34,110.01,750470.0,5720,109.537
2025-08-07,111.15,113.0,108.71,111.13,683704.0,5401,110.106
2025-08-08,112.74,116.35,112.19,116.27,1530115.0,10969,114.865
2025-08-11,116.69,119.41,114.01,115.03,2205318.0,16068,116.425
2025-08-12,116.2,120.3,116.03,119.66,3182582.0,20577,119.014
2025-08-13,123.3,129.98,117.93,120.23,5295330.0,30746,122.812
2025-08-14,117.31,121.99,112.56,114.62,3110881.0,20152,115.296
2025-08-15,113.61,116.5,112.2,115.86,1680684.0,11467,114.778
2025-08-18,116.45,119.17,115.0,118.98,1172057.0,8514,117.917
2025-08-19,117.6,119.13,115.42,117.96,1863418.0,13571,117.453
2025-08-20,115.14,116.59,111.2,115.89,1939814.0,11219,114.033
2025-08-21,115.89,117.84,115.2,117.43,732633.0,5745,116.904
2025-08-22,117.17,121.99,115.89,119.34,1359688.0,9682,119.371
2025-08-25,120.0,125.4,119.25,123.42,1652123.0,11241,123.296
2025-08-26,124.39,127.03,123.5,124.62,1832985.0,11967,125.275
2025-08-27,124.86,128.21,123.77,125.84,1748199.0,12700,126.648
2025-08-28,128.25,137.08,127.11,135.55,3898267.0,25590,133.691
2025-08-29,136.46,137.1,131.18,132.81,1487690.0,10456,133.09
2025-09-02,127.87,132.88,125.0,132.56,1444664.0,9483,130.242
2025-09-03,132.34,135.25,130.97,134.12,3170722.0,21022,133.636
2025-09-04,136.9,142.01,133.91,141.91,3076485.0,20223,138.553
2025-09-05,149.5,152.27,144.2,149.46,3685155.0,23135,147.847
2025-09-08,150.99,152.25,148.42,149.4,1761608.0,12758,149.739
2025-09-09,149.02,152.65,148.01,151.73,1196569.0,8571,151.042
2025-09-10,159.5,167.96,158.3,164.88,3250288.0,22816,164.305
2025-09-11,166.15,168.01,161.57,164.88,1656517.0,11695,164.736
2025-09-12,163.78,166.5,161.58,163.02,1395844.0,9784,163.022
2025-09-15,163.66,171.48,162.71,168.77,1597996.0,10836,168.418
2025-09-16,168.51,171.87,167.15,170.9,1171991.0,7938,170.478
2025-09-17,168.71,169.58,160.84,163.34,2790521.0,18633,164.994
2025-09-18,166.86,173.39,166.86,171.5,2240778.0,16185,171.445
2025-09-19,171.37,172.5,167.57,168.73,1727995.0,11990,168.98
2025-09-22,169.38,170.04,161.21,164.71,2246540.0,15300,164.175
2025-09-23,164.65,166.32,161.22,163.99,1554494.0,11203,163.499
2025-09-24,162.47,163.1,151.37,152.75,3313884.0,22410,154.804
2025-09-25,146.62,160.83,144.52,159.11,3071537.0,20995,155.055
2025-09-26,157.36,160.85,156.07,160.75,1125000.0,7473,158.732
2025-09-29,165.1,165.87,162.27,162.58,1025281.0,7595,164.04
2025-09-30,161.88,165.5,160.0,162.71,765260.0,5558,161.678
2025-10-01,159.24,173.6,158.6,171.4,1670804.0,11835,170.652
2025-10-02,176.75,178.5,166.05,169.75,1187067.0,7733,170.433
2025-10-03,170.88,171.8,159.7,163.81,1736143.0,12207,163.25
2025-10-06,168.99,170.76,158.21,160.6,1547968.0,11395,163.191
2025-10-07,160.99,162.75,154.11,157.15,1277449.0,9389,157.827
2025-10-08,159.28,163.66,158.47,163.09,961430.0,7514,162.084
2025-10-09,163.39,165.03,159.19,159.76,862784.0,6900,161.05
2025-10-10,160.8,160.8,147.81,149.61,1923276.0,13137,152.199
2025-10-13,158.3,160.78,155.41,160.56,1296205.0,9753,159.038
2025-10-14,155.52,161.19,152.78,156.78,1091737.0,8296,158.133
2025-10-15,162.45,162.45,154.62,156.57,1388647.0,9905,158.061
2025-10-16,159.88,168.1,158.62,163.23,1388301.0,8309,163.81
2025-10-17,160.64,170.6,160.44,164.77,1161438.0,7718,164.837
2025-10-20,164.18,169.98,160.6,161.0,1311470.0,8575,164.485
2025-10-21,161.0,165.76,157.5,162.95,1518667.0,8087,162.657
2025-10-22,164.53,166.91,152.54,158.06,1440682.0,9919,157.103
2025-10-23,158.81,170.17,157.39,168.5,1411941.0,9946,167.195
2025-10-24,175.55,182.08,173.73,179.3,2661594.0,16740,178.614
2025-10-27,193.63,206.91,190.06,193.8,3288806.0,19789,193.99
2025-10-28,194.15,199.82,188.3,198.39,1662096.0,10595,196.153
2025-10-29,201.09,214.5,198.11,214.28,2874329.0,18810,209.93
2025-10-30,206.57,212.94,198.54,200.13,2349893.0,15216,204.513
2025-10-31,201.21,206.99,197.19,201.56,1758356.0,12091,201.598
2025-11-03,208.69,210.99,196.47,199.58,3336114.0,21180,202.256
2025-11-04,187.8,197.07,184.2,188.36,3299082.0,22179,191.623
2025-11-05,218.5,240.71,213.0,232.75,6968188.0,43997,229.784
2025-11-06,243.72,258.35,236.98,239.68,4563397.0,29989,247.102
2025-11-07,233.64,243.75,227.12,240.11,3596404.0,22795,235.18
2025-11-10,256.97,273.9,255.72,259.89,3954163.0,25446,265.521
2025-11-11,252.0,259.2,248.89,252.47,1794490.0,12117,253.463
2025-11-12,262.46,270.0,250.79,253.81,2574189.0,16410,260.499
2025-11-13,248.07,249.39,220.34,226.86,3485247.0,22062,231.202
2025-11-14,215.52,237.22,215.35,232.15,2808448.0,17567,230.153
2025-11-17,234.14,252.12,233.0,242.07,2387161.0,16396,244.635
2025-11-18,245.35,252.83,232.11,247.43,3686801.0,22148,244.076
2025-11-19,258.96,280.22,253.95,268.92,4036803.0,24635,268.373
2025-11-20,280.0,282.66,229.58,233.24,4982890.0,29464,256.539
2025-11-21,249.5,259.0,233.72,255.59,5056419.0,28949,247.586
2025-11-24,266.55,300.0,266.0,299.36,4604909.0,28309,288.131
2025-11-25,293.28,295.93,280.63,291.27,3248892.0,18323,287.738
2025-11-26,289.47,312.99,279.06,308.28,2493036.0,13954,300.376
2025-11-28,307.74,325.46,306.02,325.16,1274289.0,7465,316.147
2025-12-01,314.99,322.0,306.16,317.93,2409638.0,15842,315.561
2025-12-02,320.78,323.5,292.9,302.81,3617733.0,20250,304.773
2025-12-03,306.66,306.97,288.5,302.98,1864453.0,12173,297.366
2025-12-04,309.53,330.3,306.0,327.85,2188339.0,13489,321.518
2025-12-05,340.96,344.0,325.68,331.41,2012859.0,11979,333.443
2025-12-08,343.6,345.72,328.55,342.56,1665589.0,9187,339.849
2025-12-09,342.72,362.43,335.51,360.33,2554696.0,15631,354.023
2025-12-10,353.82,376.53,353.5,366.0,2493816.0,15622,366.419
2025-12-11,365.19,374.97,348.01,372.09,1763369.0,10839,363.948
2025-12-12,362.56,365.88,319.29,324.35,4374085.0,26538,335.278
2025-12-15,341.48,348.75,333.03,334.69,2869739.0,16552,339.362
2025-12-16,326.01,331.44,309.07,316.15,2824259.0,18518,317.606
2025-12-17,336.99,337.91,315.0,320.25,2245930.0,13033,323.942
2025-12-18,336.4,343.65,326.05,337.13,1924114.0,11717,336.726
2025-12-19,339.07,373.34,339.03,371.43,1941123.0,11102,360.151
2025-12-22,382.65,391.2,375.15,389.88,1595368.0,10265,385.344
2025-12-23,380.96,390.41,380.91,387.41,848544.0,5708,385.49
2025-12-24,387.75,401.6,385.2,395.92,912368.0,5630,395.41
2025-12-26,397.73,400.89,384.63,390.77,876020.0,5686,391.316
2025-12-29,377.51,387.11,364.02,372.61,1683514.0,10677,375.003
2025-12-30,373.97,380.32,370.0,371.18,857085.0,5847,374.849
2025-12-31,372.99,379.5,367.12,368.59,862001.0,5919,371.886
2026-01-02,379.42,392.0,375.0,386.11,1747372.0,11337,382.929
2026-01-05,388.34,393.0,344.67,357.05,3389830.0,21567,356.806
2026-01-06,355.68,399.72,339.02,397.42,3711727.0,23608,374.122
2026-01-07,378.02,402.8,365.47,392.88,2798727.0,17906,384.702
2026-01-08,394.3,395.04,343.0,348.26,3222171.0,19848,354.311
2026-01-09,336.08,362.72,333.01,351.42,3538790.0,23263,349.171
2026-01-12,340.36,343.8,322.69,339.87,3201518.0,20927,334.487
2026-01-13,336.94,364.51,333.34,361.33,2139622.0,14216,354.742
2026-01-14,354.15,357.0,327.38,331.62,1888129.0,12573,336.949
2026-01-15,334.87,354.5,329.0,343.27,2040139.0,12327,345.087
2026-01-16,349.86,354.0,317.44,324.25,2250363.0,13363,330.201
2026-01-20,323.82,357.66,320.31,356.83,3397741.0,21388,346.118
2026-01-21,373.6,376.54,350.01,362.44,2752487.0,16075,363.842
2026-01-22,375.87,391.46,350.0,354.49,2761940.0,16195,365.166
2026-01-23,354.8,354.99,334.0,339.19,2159667.0,14382,341.635
2026-01-26,338.09,350.68,327.29,332.45,1489054.0,9525,337.596
2026-01-27,341.87,374.0,340.0,370.66,2080207.0,11722,362.366
2026-01-28,376.6,394.88,373.57,385.0,2547410.0,15409,385.104
2026-01-29,388.0,398.16,364.19,381.44,2389118.0,14734,379.182
2026-01-30,406.25,448.0,384.33,391.84,4291093.0,24496,411.91
2026-02-02,405.28,445.0,404.99,423.42,3149622.0,20482,429.748
2026-02-03,451.74,464.0,424.52,435.1,3999933.0,25333,442.28
2026-02-04,473.12,504.58,426.05,465.54,7244820.0,41737,464.349
2026-02-05,436.22,507.55,425.01,504.42,4506893.0,27568,483.025
2026-02-06,540.0,558.38,513.28,551.99,3796589.0,20276,541.652
2026-02-09,556.72,599.5,555.35,577.15,3423529.0,21365,579.511
2026-02-10,548.22,574.69,530.29,561.13,2697869.0,18519,555.238
2026-02-11,563.25,597.0,545.88,574.11,2092746.0,13792,566.067
2026-02-12,593.35,603.83,568.2,583.46,2605397.0,16613,588.816
2026-02-13,581.54,593.4,539.18,562.74,2664294.0,16889,562.473
2026-02-17,538.0,616.52,528.01,600.42,3282049.0,19006,584.756
2026-02-18,602.09,610.3,587.0,594.26,1501951.0,9327,598.892
2026-02-19,591.42,636.68,578.3,635.64,2041576.0,12459,617.458
2026-02-20,636.55,678.0,636.0,667.77,2419308.0,14915,663.57
2026-02-23,664.05,688.07,652.21,674.73,2497459.0,14707,671.163
2026-02-24,680.51,698.5,662.0,688.27,1993780.0,11391,682.376
2026-02-25,713.71,765.0,712.73,723.39,2616345.0,15759,740.31
2026-02-26,717.29,728.2,662.0,677.0,2926700.0,17933,686.265
2026-02-27,679.94,720.1,672.01,700.91,2587374.0,16598,695.021
2026-03-02,742.89,783.8,714.0,783.25,3655506.0,22517,754.262
2026-03-03,727.05,732.0,681.1,694.43,4018919.0,24953,706.69
2026-03-04,726.0,736.0,643.18,680.8,3991438.0,22879,671.36
2026-03-05,644.72,681.75,614.13,650.82,3909584.0,23392,647.382
2026-03-06,610.45,642.0,548.23,558.44,4989693.0,29342,593.314
2026-03-09,578.0,641.02,573.66,640.69,4116406.0,23958,614.414
2026-03-10,679.01,715.73,669.0,672.0,3912658.0,24708,691.213
2026-03-11,652.04,675.58,637.01,672.0,2063520.0,12913,662.578
2026-03-12,643.55,665.0,616.04,616.09,2546781.0,15137,634.771
2026-03-13,634.81,639.56,611.08,622.5,1860390.0,11849,625.3
2026-03-16,656.0,672.99,607.27,624.84,2843000.0,17804,646.49
2026-03-17,597.0,669.9,573.73,649.56,4673309.0,27871,632.614
2026-03-18,709.21,743.86,696.0,700.81,5040572.0,29501,716.443
2026-03-19,678.99,775.0,670.0,772.13,3886325.0,22044,734.529
2026-03-20,785.21,787.45,680.66,706.35,4732620.0,28203,711.823
2026-03-23,743.36,766.0,710.03,728.95,3628655.0,21238,735.464
2026-03-24,728.85,803.58,728.85,801.99,3699904.0,21990,779.441
2026-03-25,796.55,808.8,763.11,777.17,2494904.0,14778,787.225
2026-03-26,744.85,753.66,687.58,688.8,3419265.0,20600,716.261
2026-03-27,709.55,732.83,692.33,702.73,2829656.0,17062,709.177
2026-03-30,724.4,735.0,642.37,654.79,4066967.0,24745,664.096
2026-03-31,679.0,703.44,649.5,702.76,3420794.0,19397,681.799
2026-04-01,734.19,784.9,732.0,764.65,3548964.0,22243,764.051
2026-04-02,708.0,827.56,707.83,826.88,4284739.0,26167,789.96
2026-04-06,828.48,836.91,767.01,772.28,3018851.0,18448,795.156
2026-04-07,778.82,816.92,770.0,815.75,2937208.0,17900,797.725
2026-04-08,877.42,901.3,842.0,896.02,3303865.0,20145,879.341
2026-04-09,912.0,960.0,871.73,894.13,3788862.0,23772,914.139
2026-04-10,906.88,931.75,863.0,897.3,3650060.0,22627,901.397
2026-04-13,889.0,905.9,841.05,871.18,3449126.0,21062,866.377
2026-04-14,901.15,904.99,836.0,852.79,2696765.0,17200,861.346
2026-04-15,856.88,859.49,800.56,824.01,3134276.0,20632,827.711
2026-04-16,826.23,903.0,820.16,891.22,3360950.0,20562,878.466
2026-04-17,910.97,912.0,865.02,894.07,2041880.0,12354,886.078
2026-04-20,889.5,906.2,861.97,895.11,1720905.0,11078,886.647
2026-04-21,900.0,925.5,832.18,836.92,2944131.0,18886,865.262
2026-04-22,849.85,874.17,818.0,873.6,2130441.0,13261,850.16
2026-04-23,854.0,881.85,831.91,846.89,1740452.0,11599,854.438
2026-04-24,838.69,896.11,829.13,881.64,2082370.0,12788,870.063
2026-04-27,853.0,867.86,811.45,859.68,2501037.0,15523,843.606
2026-04-28,813.0,842.0,780.48,791.37,2653471.0,16716,801.984
2026-04-29,821.11,887.9,814.18,858.32,2991220.0,18776,852.371
2026-04-30,895.17,921.37,856.0,902.32,2779183.0,17445,893.012
2026-05-01,911.85,985.13,905.7,949.93,3238384.0,33022,960.293
2026-05-04,988.25,1004.94,952.0,976.18,3587955.0,39609,979.326
2026-05-05,975.83,1021.0,966.06,994.56,3612836.0,38069,999.423
2026-05-06,995.01,1013.5,902.01,944.28,6373517.0,70505,939.511
2026-05-07,915.83,918.02,854.62,892.58,4306038.0,49359,880.63
2026-05-08,916.68,934.92,866.0,903.8,4618977.0,51537,898.025
2026-05-11,950.57,1073.33,949.45,1053.09,6249061.0,70127,1024.051
2026-05-12,1018.23,1085.68,937.64,975.99,4088421.0,44808,1001.071
